id;who;text;Новый вариант;;;;;;;;;;;;;;;;;;;;;
0;stage0_work_phone_phone;*телефон звонит*;(звонок);;;;;;;;;;;;;;;;;;;;;
1;stage0_work_phone_GG_ANSWER;Ответить на звонок.;Взять трубку;;;;;;;;;;;;;;;;;;;;;
2;stage0_work_phone_GG_ANSWER;К черту это все!;Послать все к черту.;;;;;;;;;;;;;;;;;;;;;
3;stage0_work_phone_phone;В бразилии прирост коров покупать акции молокозаводов?;В Бразилии резко возрасло число коров на фермах. Стоит скупать акции молочных заводов?;;;;;;;;;;;;;;;;;;;;;
4;stage0_work_phone_GG_ANSWER;Да.;Да.;;;;;;;;;;;;;;;;;;;;;
5;stage0_work_phone_GG_ANSWER;Нет.;Нет.;;;;;;;;;;;;;;;;;;;;;
6;stage0_work_phone_phone;По миру идут волны протестов, во что вкладываться?;По всему миру идут волны протестов. Во что нам вкладывать деньги?;;;;;;;;;;;;;;;;;;;;;
7;stage0_work_phone_GG_ANSWER;В резиновые дубинки.;В резиновые дубинки.;;;;;;;;;;;;;;;;;;;;;
8;stage0_work_phone_GG_ANSWER;В коктели молотова.;В коктейли молотова!;;;;;;;;;;;;;;;;;;;;;
9;stage0_work_phone_phone;Производители косметики создали новую помаду.;Тут новая помада вышла у производителей косметики.;;;;;;;;;;;;;;;;;;;;;
10;stage0_work_phone_GG_ANSWER;Поддержите фонды зеленых;Давайте поддержим фонды зеленых.;;;;;;;;;;;;;;;;;;;;;
11;stage0_work_phone_GG_ANSWER;Покупайте их акции.;Срочно скупайте их акции!;;;;;;;;;;;;;;;;;;;;;
12;stage0_work_phone_phone;Скоро лето. Вкладываться в выпивку для студентов или в семенйный отдых?;Скоро уже лето. Во что вкладываться - алкоголь или сооружения для отдыха?;;;;;;;;;;;;;;;;;;;;;
13;stage0_work_phone_GG_ANSWER;Алкоголь.;Студенты будут отмечать конец учебы. Алкоголь - безпроигрышный вариант.;;;;;;;;;;;;;;;;;;;;;
14;stage0_work_phone_GG_ANSWER;Надувные бассейны.;Лучше вложиться в надувные бассейны и зонтики от солнца.;;;;;;;;;;;;;;;;;;;;;
15;stage0_work_phone_phone;На носу олимпийские игры.;На носу олимпийские игры. Какие наши действия?;;;;;;;;;;;;;;;;;;;;;
16;stage0_work_phone_GG_ANSWER;Акции спортмагазинов.;Скупайте акции спортивных магазинов.;;;;;;;;;;;;;;;;;;;;;
17;stage0_work_phone_GG_ANSWER;Скупайте акции фастфуда.;Вкладываемся в акции авиакомпаний.;;;;;;;;;;;;;;;;;;;;;
18;stage0_work_phone_phone_boss;Отличная работа Вильям, ты принес нашей фирме 288$, можешь быть свободен.;Ты хорошо поработал, Уилл. Благодаря тебе компания заработала 288 долларов. Можешь идти домой.;;;;;;;;;;;;;;;;;;;;;
19;stage0_work_phone_GG_ANSWER;Спасибо, сэр.;Спасибо, сэр. До свидания.;;;;;;;;;;;;;;;;;;;;;
20;stage1_caffee_with_friends_Itan;А, вот и ты!;А, вот и он!;;;;;;;;;;;;;;;;;;;;;
21;stage1_caffee_with_friends_Rei;Привет, как дела?;Привет. Как дела?;;;;;;;;;;;;;;;;;;;;;
22;stage1_caffee_with_friends_GG;Привет.;Привет. ;;;;;;;;;;;;;;;;;;;;;
23;stage1_caffee_with_friends_GG_ANSWER;Всё как всегда.;Все как обычно.;;;;;;;;;;;;;;;;;;;;;
24;stage1_caffee_with_friends_GG;Давно меня ждете?;Давно тут сидите?;;;;;;;;;;;;;;;;;;;;;
25;stage1_caffee_with_friends_Itan;Не, не, мы только пришли.;Не, мы только пришли.;;;;;;;;;;;;;;;;;;;;;
26;stage1_caffee_with_friends_Rei;Это он только пришел, я тут уже полчаса сижу.;Ага, ага. Это он только пришел! Я тут уже полчаса сижу.;;;;;;;;;;;;;;;;;;;;;
27;stage1_caffee_with_friends_GG;Ну и хорошо. Как у вас то дела?;Понятно. Как у вас-то дела?;;;;;;;;;;;;;;;;;;;;;
28;stage1_caffee_with_friends_Itan;У меня новая крутая идея!;У меня появилась новая, просто нереальная идея!;;;;;;;;;;;;;;;;;;;;;
29;stage1_caffee_with_friends_Rei;Еще одна;Опять...;;;;;;;;;;;;;;;;;;;;;
30;stage1_caffee_with_friends_Itan;Ну в общем...;В общем...;;;;;;;;;;;;;;;;;;;;;
31;stage1_caffee_with_friends_Rei;Стой. Вообще-то я хочу выговориться!;Эй, вообще-то это я хочу выговориться!;;;;;;;;;;;;;;;;;;;;;
32;stage1_caffee_with_friends_GG;...;Ну блин...;;;;;;;;;;;;;;;;;;;;;
33;stage1_caffee_with_friends_GG_ANSWER;Давай свою идею, Итан.;Выкладывай свою гениальную идею, Итан.;;;;;;;;;;;;;;;;;;;;;
34;stage1_caffee_with_friends_GG_ANSWER;Что случилось, Рэй?;О чем ты хочешь поговорить, Рэй?;;;;;;;;;;;;;;;;;;;;;
35;stage1_caffee_with_friends_Itan;...;(бу-бу-бу);;;;;;;;;;;;;;;;;;;;;
36;stage1_caffee_with_friends_Rei;...;(ля-ля-ля);;;;;;;;;;;;;;;;;;;;;
37;stage1_caffee_with_friends_GG;...;(бу-бу-бу);;;;;;;;;;;;;;;;;;;;;
38;stage1_caffee_with_friends_Itan;Уже поздно.;Черт, быстро время пролетело.;;;;;;;;;;;;;;;;;;;;;
39;stage1_caffee_with_friends_Rei;Да, хорошо посидели.;Ага, хорошо посидели.;;;;;;;;;;;;;;;;;;;;;
40;stage1_caffee_with_friends_GG;До встречи!;До встречи, ребят.;;;;;;;;;;;;;;;;;;;;;
41;stage1_caffee_with_friends_Itan;Пока!;Пока.;;;;;;;;;;;;;;;;;;;;;
42;stage1_caffee_with_friends_Rei;Пока!;Счастливо.;;;;;;;;;;;;;;;;;;;;;
43;stage2_home_tv_tv;Милая, я так тебя люблю...;Кэйт, я так тебя люблю.;;;;;;;;;;;;;;;;;;;;;
44;stage2_home_tv_tv;Ты все что у меня есть...;Ты все, что у меня есть.;;;;;;;;;;;;;;;;;;;;;
45;stage2_home_tv_tv;Цветок в этом саду...;Ты как самый прекрасный цветок в райском саду.;;;;;;;;;;;;;;;;;;;;;
46;stage2_home_tv_;...;(ми-ми-ми);;;;;;;;;;;;;;;;;;;;;
47;stage2_home_tv_GG_ANSWER;*переключить канал*;(переключить канал);;;;;;;;;;;;;;;;;;;;;
48;stage2_home_tv_GG_ANSWER;*смотреть дальше*;(оставить канал);;;;;;;;;;;;;;;;;;;;;
49;stage2_home_tv_tv;О, Джонни твои слова так сладки...;О, Джонии, от твоих слов у меня внутри все оживает...;;;;;;;;;;;;;;;;;;;;;
50;stage2_home_tv_tv;Но наша любовь запретна!;Но наша любовь под запретом...;;;;;;;;;;;;;;;;;;;;;
51;stage2_home_tv_tv;Мне плевать на все правила этого мира, когда я вижу тебя!;Детка, мне плевать на все запреты, когда я смотрю на тебя!;;;;;;;;;;;;;;;;;;;;;
52;stage2_home_tv_tv;*переключить?*;(переключить канал?);;;;;;;;;;;;;;;;;;;;;
53;stage2_home_tv_GG_ANSWER;*переключить*;(переключить);;;;;;;;;;;;;;;;;;;;;
54;stage2_home_tv_GG_ANSWER;*смотреть дальше*;(оставить канал);;;;;;;;;;;;;;;;;;;;;
55;stage2_home_tv_tv;Ты мой герой!;Джонни, ты мой герой!;;;;;;;;;;;;;;;;;;;;;
56;stage2_home_tv_tv;Ты моя принцесса!;А ты будешь моей героиней...;;;;;;;;;;;;;;;;;;;;;
57;stage2_home_tv_tv;*звук поцелуев*;(звук поцелуев);;;;;;;;;;;;;;;;;;;;;
58;stage2_home_tv_GG;Глаза слипаются...;Глаза уже слипаются...;;;;;;;;;;;;;;;;;;;;;
59;stage2_home_tv_GG_ANSWER;*пойти спать*;(лечь спать);;;;;;;;;;;;;;;;;;;;;
60;stage3_home_tv_tv;И к новостям дня...;И к другим новостям...;;;;;;;;;;;;;;;;;;;;;
61;stage3_home_tv_tv;Количество самоубийств среди населения растет...;Количество самоубийств среди населения продолжает расти...;;;;;;;;;;;;;;;;;;;;;
62;stage3_home_tv_tv;"Так называемый ""мост самоубийц""...";"Так называемый ""мост самоубийц""....";;;;;;;;;;;;;;;;;;;;;
63;stage3_home_tv_tv;*переключить?*;(переключить канал?);;;;;;;;;;;;;;;;;;;;;
64;stage3_home_tv_GG_ANSWER;*переключить*;(переключить);;;;;;;;;;;;;;;;;;;;;
65;stage3_home_tv_GG_ANSWER;*смотреть дальше*;(оставить канал);;;;;;;;;;;;;;;;;;;;;
66;stage3_home_tv_tv;Стал самым поулярным местом проститься с жизнью...;стал излюбленным местом тех, кто решил проститься с жизнью.;;;;;;;;;;;;;;;;;;;;;
67;stage3_home_tv_tv;Полиция пока не дает никаких комментариев...;Официальные представители полиции пока не дали никаких комментариев...;;;;;;;;;;;;;;;;;;;;;
68;stage3_home_tv_tv;И к другим новостям...;К другим новостям...;;;;;;;;;;;;;;;;;;;;;
69;stage3_home_tv_tv;Глаза слипаются...;Глаза уже слипаются...;;;;;;;;;;;;;;;;;;;;;
70;stage3_home_tv_GG_ANSWER;*пойти спать*;(лечь спать);;;;;;;;;;;;;;;;;;;;;
71;stage4_home_tv_tv;ПОВТОРЯЮ;Не упустите свой шанс!;;;;;;;;;;;;;;;;;;;;;
72;stage4_home_tv_tv;Только сейчас! При заказе нашей САМОЙ удобной овощерезки...;Только сейчас. При заказе САМОЙ крутой овощерезки в мире...;;;;;;;;;;;;;;;;;;;;;
73;stage4_home_tv_tv;Ты получишь корзину овощей в подарок!;Вы получаете целую корзину отборных овощей совершенно бесплатно!;;;;;;;;;;;;;;;;;;;;;
74;stage4_home_tv_tv;Глаза слипаются...;Глаза уже слипаются...;;;;;;;;;;;;;;;;;;;;;
75;stage4_home_tv_GG_ANSWER;*пойти спать*;(лечь спать);;;;;;;;;;;;;;;;;;;;;
76;stage5_work_phone_phone;*телефон звонит*;(звонок);;;;;;;;;;;;;;;;;;;;;
77;stage5_work_phone_GG_ANSWER;*ответить на звонок*;Взять трубку;;;;;;;;;;;;;;;;;;;;;
78;stage5_work_phone_phone;В Европе постепенно отказываются от машин. Что делать?;Жители Европы все чаще отказываются от машин и переходят на экологичный транспорт. Что нам делать?;;;;;;;;;;;;;;;;;;;;;
79;stage5_work_phone_GG_ANSWER;Велосипеды!;Пришло время вкладываться в велосипеды.;;;;;;;;;;;;;;;;;;;;;
80;stage5_work_phone_GG_ANSWER;Машины никогда не уступят.;Я уверен, что машины никогда не выйдут из моды.;;;;;;;;;;;;;;;;;;;;;
81;stage5_work_phone_phone;Индия, урожай чая сгорел из-за беспорядков.;В Индии урожай чая сгорел из-за беспорядков в стране. Наши действия?;;;;;;;;;;;;;;;;;;;;;
82;stage5_work_phone_GG_ANSWER;Скупайте чай.;Скупайте весь чай, какой сможете найти.;;;;;;;;;;;;;;;;;;;;;
83;stage5_work_phone_GG_ANSWER;Кофе!;Пора переходить на кофе.;;;;;;;;;;;;;;;;;;;;;
84;stage5_work_phone_phone;В Румынии первые следы сибирской язвы. Все цыгане бегут из страны.;В Румынии выявлены первые признаки сибирской язывы. Что будем делать?;;;;;;;;;;;;;;;;;;;;;
85;stage5_work_phone_GG_ANSWER;Ненавижу, блядь, цыган.;Ненавижу, блин, цыган.;;;;;;;;;;;;;;;;;;;;;
86;stage5_work_phone_GG_ANSWER;Чеснок! Там же вамиры, правильно?;Все деньги в чеснок! Или вы забыли, что в Румынии водятся вампиры?;;;;;;;;;;;;;;;;;;;;;
87;stage5_work_phone_phone;В испании началась неделя моды.;В Испании стартовала неделя моды. Во что будем вкладываться?;;;;;;;;;;;;;;;;;;;;;
88;stage5_work_phone_GG_ANSWER;Инвестируйте в секонд-хенды.;Инвестируйте в секонд-хенды.;;;;;;;;;;;;;;;;;;;;;
89;stage5_work_phone_GG_ANSWER;Выберете какой-нибудь модный дом.;Спонсируйте самый модный модный дом.;;;;;;;;;;;;;;;;;;;;;
90;stage5_work_phone_phone;Вышел в прокат нашумевший фильм о любви. Наши действия?;Наконец-то вышел в прокат та самая мелодрамма. Куда вкладывать деньги?;;;;;;;;;;;;;;;;;;;;;
91;stage5_work_phone_GG_ANSWER;Носовые платки!;Если та, о которой я думаю, то носовые платки. ;;;;;;;;;;;;;;;;;;;;;
92;stage5_work_phone_GG_ANSWER;Производители мороженного...;Скупайте акции производителей мороженого.;;;;;;;;;;;;;;;;;;;;;
93;stage5_work_phone_phone;Отличная работа Вильям, ты принес нашей фирме 289$, можешь быть свободен.;Отличная работа, Уильям. Сегодня ты принес компании 289 долларов. Можешь отдыхать.;;;;;;;;;;;;;;;;;;;;;
94;stage5_work_phone_GG_ANSWER;Спасибо, сэр.;Хорошо, сэр. Спасибо.;;;;;;;;;;;;;;;;;;;;;
95;stage6_caffee_with_friends_Itan;О привет! Смотрел вчера новости?;Эй, привет! Смотрел вчера новости по телику?;;;;;;;;;;;;;;;;;;;;;
96;stage6_caffee_with_friends_Rei;Да, там показывали про мост.;Да, там показывали что-то про мост.;;;;;;;;;;;;;;;;;;;;;
97;stage6_caffee_with_friends_GG;Привет.;Привет, ребят.;;;;;;;;;;;;;;;;;;;;;
98;stage6_caffee_with_friends_GG_ANSWER;Да, что ты слышал.;Да, что-то такое слышал.;;;;;;;;;;;;;;;;;;;;;
99;stage6_caffee_with_friends_GG_ANSWER;Ммм. Что за мост?;Что там с этим мостом?;;;;;;;;;;;;;;;;;;;;;
100;stage6_caffee_with_friends_Itan;Да вкратце: большинство самоубийц нашего города приходят на один мост.;Если вкратце, то этот мост буквально притягивает самоубийц нашего города.;;;;;;;;;;;;;;;;;;;;;
101;stage6_caffee_with_friends_Rei;Который совсем недалеко отсюда!;А ведь он как раз недалеко отсюда.;;;;;;;;;;;;;;;;;;;;;
102;stage6_caffee_with_friends_Itan;Да и видимо это для них какая-то особое место.;Ага, это место будто зачаровано что ли...;;;;;;;;;;;;;;;;;;;;;
103;stage6_caffee_with_friends_Rei;Давайте сходим как-нибудь!;Может, сходим как-нибудь?;;;;;;;;;;;;;;;;;;;;;
104;stage6_caffee_with_friends_;Жуткая история, ладно, давайте о чем-нибудь другом?;Звучит довольно жутко. Может, поговорим о чем-нибудь другом?;;;;;;;;;;;;;;;;;;;;;
105;stage6_caffee_with_friends_Itan;Да, я бы хотел кое-что рассказать.;О да-а, у меня есть о чем вам рассказать.;;;;;;;;;;;;;;;;;;;;;
106;stage6_caffee_with_friends_Rei;Только не новую идею.;О нет, только не новяа идея.;;;;;;;;;;;;;;;;;;;;;
107;stage6_caffee_with_friends_Itan;Ну хотя бы не нытье.;Все лучше, чем слышать твое нытье.;;;;;;;;;;;;;;;;;;;;;
108;stage6_caffee_with_friends_Rei;Хей! Я просто делюсь...Сегодня тоже хочу;Эй! Я же просто делюсь с вами... И сегодня есть чем поделиться.;;;;;;;;;;;;;;;;;;;;;
109;stage6_caffee_with_friends_GG;Тогда...;Что ж...;;;;;;;;;;;;;;;;;;;;;
110;stage6_caffee_with_friends_GG_ANSWER;Давай свою идею, Итан;Давай свою новую идею, Итан.;;;;;;;;;;;;;;;;;;;;;
111;stage6_caffee_with_friends_GG_ANSWER;Что случилось, Рэй?;Рэй, расскажи, в чем дело?;;;;;;;;;;;;;;;;;;;;;
112;stage6_caffee_with_friends_Itan;...;(бу-бу-бу);;;;;;;;;;;;;;;;;;;;;
113;stage6_caffee_with_friends_Rei;...;Да ладно?;;;;;;;;;;;;;;;;;;;;;
114;stage6_caffee_with_friends_GG;...;(бу-бу-бу);;;;;;;;;;;;;;;;;;;;;
115;stage6_caffee_with_friends_Itan;Уже поздно;Уже довольно поздно.;;;;;;;;;;;;;;;;;;;;;
116;stage6_caffee_with_friends_Rei;Да, хорошо посидели;Да, неплохо сегодня посидели.;;;;;;;;;;;;;;;;;;;;;
117;stage6_caffee_with_friends_GG;До встречи!;До завтра, ребят.;;;;;;;;;;;;;;;;;;;;;
118;stage6_caffee_with_friends_Itan;Пока!;Давай, чувак.;;;;;;;;;;;;;;;;;;;;;
119;stage6_caffee_with_friends_Rei;Пока!;Пока!;;;;;;;;;;;;;;;;;;;;;
120;stage7_home_tv_tv;Привет! Хихихи.;Привет, красавчик.;;;;;;;;;;;;;;;;;;;;;
121;stage7_home_tv_tv;Зачем тебе такая мааааааска? Ихихи.;Зачем ты скрываешь свое лицо под маской?;;;;;;;;;;;;;;;;;;;;;
122;stage7_home_tv_tv;И нож...;И зачем тебе такой большой окровавленный нож...;;;;;;;;;;;;;;;;;;;;;
123;stage7_home_tv_tv;...;(ля-ля-ля);;;;;;;;;;;;;;;;;;;;;
124;stage7_home_tv_GG_ANSWER;*переключить канал*;(переключить канал);;;;;;;;;;;;;;;;;;;;;
125;stage7_home_tv_GG_ANSWER;*смотреть дальше*;(оставить канал);;;;;;;;;;;;;;;;;;;;;
126;stage7_home_tv_tv;Слушай, это уже не смешно!;Слушай, шутка немного затянулась. Завязывай!;;;;;;;;;;;;;;;;;;;;;
127;stage7_home_tv_tv;Зачем тебе нож?;Зачем тебе этот нож?;;;;;;;;;;;;;;;;;;;;;
128;stage7_home_tv_tv;ААААААААААААА ОТОЙДИ ОТ МЕНЯ;Не подходи ко мне! ЧТО ТЫ СОБИРАЕШЬСЯ ДЕЛАТЬ?!;;;;;;;;;;;;;;;;;;;;;
129;stage7_home_tv_tv;*переключить?*;(переключить канал?);;;;;;;;;;;;;;;;;;;;;
130;stage7_home_tv_GG_ANSWER;*переключить*;(переключить);;;;;;;;;;;;;;;;;;;;;
131;stage7_home_tv_GG_ANSWER;*смотреть дальше*;(оставить канал);;;;;;;;;;;;;;;;;;;;;
132;stage7_home_tv_tv;"Нет, нет, нет, нет""";Нет. Нет! Только не это!;;;;;;;;;;;;;;;;;;;;;
133;stage7_home_tv_tv;Этого не может быть...;Не может быть! ПОМОГИТЕ!;;;;;;;;;;;;;;;;;;;;;
134;stage7_home_tv_tv;НЕЕЕЕЕЕЕ...кх...;НЕЕЕЕЕ... АХ... КХЕ...;;;;;;;;;;;;;;;;;;;;;
135;stage7_home_tv_tv;Глаза слипаются...;Глаза уже слипаются...;;;;;;;;;;;;;;;;;;;;;
136;stage7_home_tv_GG_ANSWER;Пойти спать.;(лечь спать);;;;;;;;;;;;;;;;;;;;;
137;stage8_home_tv_tv;Дорогие зрители!;Эй, мальчишки и девчонки, а также их родители...;;;;;;;;;;;;;;;;;;;;;
138;stage8_home_tv_tv;Сегодня у нас хорошие новости!;У нас для вас отличные новости!;;;;;;;;;;;;;;;;;;;;;
139;stage8_home_tv_tv;Напротив Суи Сайд сквера открывается новая пиццерия!;Напротив Суи Сайд сквера наконец-то открылась новая пиццерия!;;;;;;;;;;;;;;;;;;;;;
140;stage8_home_tv_tv;*переключить?*;(переключить канал?);;;;;;;;;;;;;;;;;;;;;
141;stage8_home_tv_GG_ANSWER;*переключить*;(переключить);;;;;;;;;;;;;;;;;;;;;
142;stage8_home_tv_GG_ANSWER;*смотреть дальше*;(оставить канал);;;;;;;;;;;;;;;;;;;;;
143;stage8_home_tv_tv;Чтож я думаю, любители пиццы должны ликовать. Новый вкус в городе!;Я уверен, что все любители настоящей пиццы будут рады. В городе появился новый вкус!;;;;;;;;;;;;;;;;;;;;;
144;stage8_home_tv_tv;Я думаю...;Вы обязательно оцените огромный выбор самой разной пиццы...;;;;;;;;;;;;;;;;;;;;;
145;stage8_home_tv_tv;И конечно же там открыты вакансии и подработки:;Если вы хотите связать вашу жизнь с настоящим искусством пиццедела...;;;;;;;;;;;;;;;;;;;;;
146;stage8_home_tv_tv;Я думаю...;У вас есть возможность стать частью нашей команды...;;;;;;;;;;;;;;;;;;;;;
147;stage8_home_tv_tv;Уточняйте по номеру, который вы видите на экране.;Звоните нам по номеру телефона, который вы видете на экране.;;;;;;;;;;;;;;;;;;;;;
148;stage8_home_tv_tv;Глаза слипаются...;Сил уже нет...;;;;;;;;;;;;;;;;;;;;;
149;stage8_home_tv_GG_ANSWER;*пойти спать*;(лечь спать);;;;;;;;;;;;;;;;;;;;;
150;stage9_home_tv_tv;ДА ДА ДА;О да!  ДА!;;;;;;;;;;;;;;;;;;;;;
151;stage9_home_tv_tv;*звуки шлепков*;(шлеп-шлеп);;;;;;;;;;;;;;;;;;;;;
152;stage9_home_tv_tv;Еще!;Да! Милый еще!;;;;;;;;;;;;;;;;;;;;;
153;stage9_home_tv_tv;Глаза слипаются...;Глаза уже слипаются...;;;;;;;;;;;;;;;;;;;;;
154;stage9_home_tv_GG_ANSWER;*пойти спать*;(лечь спать);;;;;;;;;;;;;;;;;;;;;
155;stage10_work_phone_phone;*телефон звонит*;(звонок);;;;;;;;;;;;;;;;;;;;;
156;stage10_work_phone_GG_ANSWER;Ответить на звонок.;Взять трубку.;;;;;;;;;;;;;;;;;;;;;
157;stage10_work_phone_phone_father;Привет сын! Давно не разговаривали. Как твоя работа?;Эй, привет, сынок! Давно мы с тобой не болтали. Как дела на работе?;;;;;;;;;;;;;;;;;;;;;
158;stage10_work_phone_GG_ANSWER;Я вроде справлюясь.;Привет, пап. Да ничего, вроде. Справляюсь потихоньку.;;;;;;;;;;;;;;;;;;;;;
159;stage10_work_phone_GG_ANSWER;Если честно я почти не понимаю, что я делаю.;Честно? Я вообще не понимаю, что я здесь делаю.;;;;;;;;;;;;;;;;;;;;;
160;stage10_work_phone_phone_father;Да? Я говорил с твоим начальником, вроде он доволен. Не подводи меня.;Знаешь, я тут говорил с твоим начальником. Он тобой доволен. Не подводи меня, ага?;;;;;;;;;;;;;;;;;;;;;
161;stage10_work_phone_GG_ANSWER;...;(промолчать);;;;;;;;;;;;;;;;;;;;;
162;stage10_work_phone_GG_ANSWER;Ладно.;Окей. Как скажешь.;;;;;;;;;;;;;;;;;;;;;
163;stage10_work_phone_phone_father;Может зайдешь? После работы как-нибудь, ты же вроде больше ничем не занят?;Не хочешь как-нибудь забежать после работы? Ты же вроде больше ничем не занят.;;;;;;;;;;;;;;;;;;;;;
164;stage10_work_phone_GG_ANSWER;Да, обязательно. Как-нибудь...;Хорошо, забегу. Как-нибудь потом.;;;;;;;;;;;;;;;;;;;;;
165;stage10_work_phone_GG_ANSWER;У меня дела на самом деле.;Но у меня уже были планы.;;;;;;;;;;;;;;;;;;;;;
166;stage10_work_phone_phone_father;Ну давай. Не скучай там.;Ладно, как знаешь. Не скучай там. Пока!;;;;;;;;;;;;;;;;;;;;;
167;stage10_work_phone_GG_ANSWER;Пока.;Пока.;;;;;;;;;;;;;;;;;;;;;
168;stage10_work_phone_phone;Вышла игра про самоубийц. Звучит непонятно.;Скоро выйдет новая игра, что-то там про самоубийц. Деталей пока не знаем.;;;;;;;;;;;;;;;;;;;;;
169;stage10_work_phone_GG_ANSWER;Покупаем!;Звучит интересно. Можем и проспонсировать.;;;;;;;;;;;;;;;;;;;;;
170;stage10_work_phone_GG_ANSWER;Пиратим.;Да ее все равно пиратить будут. Забудь.;;;;;;;;;;;;;;;;;;;;;
171;stage10_work_phone_phone;Сумасшедший инженер Мелон Таск, хочет полететь на марс!;Какой-то ненормальный чувак по имени Квилон Даск хочет на Марс слетать. ;;;;;;;;;;;;;;;;;;;;;
172;stage10_work_phone_GG_ANSWER;Гений.;Да этот парень просто гений! Необходимо его спонсировать.;;;;;;;;;;;;;;;;;;;;;
173;stage10_work_phone_GG_ANSWER;Псих.;Полный псих. Не будем с ним рисковать.;;;;;;;;;;;;;;;;;;;;;
174;stage10_work_phone_phone;Отличная работа Вильям, ты принес нашей фирме 290$, можешь быть свободен.;Молодец, Уильям. Сегодня ты принес компании 290 долларов. Ты свободен.;;;;;;;;;;;;;;;;;;;;;
175;stage10_work_phone_GG_ANSWER;Спасибо, сэр.;Да, сэр.;;;;;;;;;;;;;;;;;;;;;
176;stage11_caffee_with_friends_Itan;Почему мы всегда тут сидим?;Почему мы каждый день приходим в одно и то место?;;;;;;;;;;;;;;;;;;;;;
177;stage11_caffee_with_friends_Rei;Что ты имеешь ввиду?;Ты о чем?;;;;;;;;;;;;;;;;;;;;;
178;stage11_caffee_with_friends_GG;И вам привет.;И вам привет.;;;;;;;;;;;;;;;;;;;;;
179;stage11_caffee_with_friends_Itan;Ну, почему бы не пойти куда еще, а не сидеть в месте с оооочень странным меню?;Привет, Уилл. Я спрашиваю, почему бы не сходить куда-нибудь еще где нет настолько странного меню?;;;;;;;;;;;;;;;;;;;;;
180;stage11_caffee_with_friends_Rei;Ну мне тут нравится.;Не знаю, по-моему, милое место. Мне здесь нравится.;;;;;;;;;;;;;;;;;;;;;
181;stage11_caffee_with_friends_GG;...;Честно говоря...;;;;;;;;;;;;;;;;;;;;;
182;stage11_caffee_with_friends_GG_ANSWER;Мне тоже.;Мне тоже.;;;;;;;;;;;;;;;;;;;;;
183;stage11_caffee_with_friends_GG_ANSWER;Я думал это наше особое место.;Мне казалось, что это наше особое место, разве нет?;;;;;;;;;;;;;;;;;;;;;
184;stage11_caffee_with_friends_Itan;Ну да, но может в пиццу?;Ну, может и так. И все же не хотите как-нибудь сходить в пиццерию?;;;;;;;;;;;;;;;;;;;;;
185;stage11_caffee_with_friends_Rei;У меня нет лишних денег сейчас... А тут у меня купоны...;У меня сейчас не очень много лишних денег. А здесь у меня хотя бы скидка есть.;;;;;;;;;;;;;;;;;;;;;
186;stage11_caffee_with_friends_GG;Мне вообще без разницы...;Мне все равно.;;;;;;;;;;;;;;;;;;;;;
187;stage11_caffee_with_friends_Itan;Зануды!;Ну вы и зануды!;;;;;;;;;;;;;;;;;;;;;
188;stage11_caffee_with_friends_Rei;...;...;;;;;;;;;;;;;;;;;;;;;
189;stage11_caffee_with_friends_GG;...;...;;;;;;;;;;;;;;;;;;;;;
190;stage11_caffee_with_friends_Itan;Дайте хоть идею тогда рассказать.;Дайте хоть идею свою расскажу.;;;;;;;;;;;;;;;;;;;;;
191;stage11_caffee_with_friends_Rei;Ну, а что с прошлыми то идеями?;А что случилось с прошлыми?;;;;;;;;;;;;;;;;;;;;;
192;stage11_caffee_with_friends_GG;...;И правда.;;;;;;;;;;;;;;;;;;;;;
193;stage11_caffee_with_friends_Itan;Я их сделаю. Попозже.;Ну... я их сделаю. Только потом.;;;;;;;;;;;;;;;;;;;;;
194;stage11_caffee_with_friends_Rei;Ясно. Понятно. Ну тут очевидно кого слушать, я думаю.;Как всегда. Мне кажется, меня послушать было бы намного полезнее.;;;;;;;;;;;;;;;;;;;;;
195;stage11_caffee_with_friends_GG;...;Тогда...;;;;;;;;;;;;;;;;;;;;;
196;stage11_caffee_with_friends_GG_ANSWER;Давай свою идею, Итан;Что там за новая идея, Итан?;;;;;;;;;;;;;;;;;;;;;
197;stage11_caffee_with_friends_GG_ANSWER;Что случилось, Рэй?;Рассказывай, что стряслось, Рэй.;;;;;;;;;;;;;;;;;;;;;
198;stage11_caffee_with_friends_Itan;...;(бу-бу-бу);;;;;;;;;;;;;;;;;;;;;
199;stage11_caffee_with_friends_Rei;...;(ля-ля-ля);;;;;;;;;;;;;;;;;;;;;
200;stage11_caffee_with_friends_GG;...;Вот это да!;;;;;;;;;;;;;;;;;;;;;
201;stage11_caffee_with_friends_Itan;Уже поздно;Ничего себе. Уже так поздно!;;;;;;;;;;;;;;;;;;;;;
202;stage11_caffee_with_friends_Rei;Да, хорошо посидели;Ну и что? Зато как следует посидели.;;;;;;;;;;;;;;;;;;;;;
203;stage11_caffee_with_friends_GG;До встречи!;Счастливо, ребят.;;;;;;;;;;;;;;;;;;;;;
204;stage11_caffee_with_friends_Itan;Пока!;Пока, Уилл.;;;;;;;;;;;;;;;;;;;;;
205;stage11_caffee_with_friends_Rei;Пока!;Пока.;;;;;;;;;;;;;;;;;;;;;
206;stage12_home_tv_tv;Ну что напарник, пришло надрать этим засранцам задницы!;Ну что, напарник, не надрать ли нам этим ублюдкам их бандитские задницы?;;;;;;;;;;;;;;;;;;;;;
207;stage12_home_tv_tv;О, да. Я проснулся сегодня только для того, чтобы выпить кофе надрать пару задниц.;Сегодня утром я проснулся с мыслью о том, чтобы выпить кофе и надрать пару никчемных задниц.;;;;;;;;;;;;;;;;;;;;;
208;stage12_home_tv_tv;И как видишь кофе я уже выпил.;Как видишь, кофе я уже выпил.;;;;;;;;;;;;;;;;;;;;;
209;stage12_home_tv_tv;...;Огонь!!!;;;;;;;;;;;;;;;;;;;;;
210;stage12_home_tv_GG_ANSWER;*переключить канал*;(переключить канал);;;;;;;;;;;;;;;;;;;;;
211;stage12_home_tv_GG_ANSWER;*смотреть дальше*;(оставить канал);;;;;;;;;;;;;;;;;;;;;
212;stage12_home_tv_tv;*стрельба*;(БАМ-БАМ);;;;;;;;;;;;;;;;;;;;;
213;stage12_home_tv_tv;Их много!;А их не так уж и мало!;;;;;;;;;;;;;;;;;;;;;
214;stage12_home_tv_tv;.;Они еще не знают, с кем связались.;;;;;;;;;;;;;;;;;;;;;
215;stage12_home_tv_tv;Да, государство разорится на мешки для трупов!;Надеюсь, тут на всех пластиковых мешков хватит.;;;;;;;;;;;;;;;;;;;;;
216;stage12_home_tv_tv;*переключить?*;(переключить канал?);;;;;;;;;;;;;;;;;;;;;
217;stage12_home_tv_GG_ANSWER;*переключить*;(переключить);;;;;;;;;;;;;;;;;;;;;
218;stage12_home_tv_GG_ANSWER;*смотреть дальше*;(оставить канал);;;;;;;;;;;;;;;;;;;;;
219;stage12_home_tv_tv;*взрывы*;(ТЫДЫЩ);;;;;;;;;;;;;;;;;;;;;
220;stage12_home_tv_tv;*слоумо*;Не-е-е-е-е-т!!!;;;;;;;;;;;;;;;;;;;;;
221;stage12_home_tv_tv;Брат, если бы не ты...;Черт, брат, если бы не ты, я бы уже давно лежал в сырой земле...;;;;;;;;;;;;;;;;;;;;;
222;stage12_home_tv_tv;Глаза слипаются...;Глаза уже слипаются...;;;;;;;;;;;;;;;;;;;;;
223;stage12_home_tv_GG_ANSWER;Пойти спать.;(лечь спать);;;;;;;;;;;;;;;;;;;;;
224;stage13_home_tv_tv;Мы в нашей студии.;Мы вновь приветствуем всех телезрителей в нашей студии.;;;;;;;;;;;;;;;;;;;;;
225;stage13_home_tv_tv;Получили много писем и заявлений от граждан.;В последнее время нашу редакцию захлестнули письма граждан...;;;;;;;;;;;;;;;;;;;;;
226;stage13_home_tv_tv;О неком культе людей.;О некой странной секте людей. ;;;;;;;;;;;;;;;;;;;;;
227;stage13_home_tv_tv;*переключить?*;(переключить канал?);;;;;;;;;;;;;;;;;;;;;
228;stage13_home_tv_GG_ANSWER;*переключить*;(переключить);;;;;;;;;;;;;;;;;;;;;
229;stage13_home_tv_GG_ANSWER;*смотреть дальше*;(оставить канал);;;;;;;;;;;;;;;;;;;;;
230;stage13_home_tv_tv;Никто не знает чего они хотят.;Никто точно не знает, что это за люди и чего они хотят.;;;;;;;;;;;;;;;;;;;;;
231;stage13_home_tv_tv;И есть ли они вообще.;У нас даже нет подтвержденной информации о существовании секты.;;;;;;;;;;;;;;;;;;;;;
232;stage13_home_tv_tv;Но будьте осторожны и смотрите по сторонам. Что-то происходит.;Но мы призываем всех жителей нашего города быть начеку. Берегите себя.;;;;;;;;;;;;;;;;;;;;;
233;stage13_home_tv_tv;Глаза слипаются...;Я так устал...;;;;;;;;;;;;;;;;;;;;;
234;stage13_home_tv_GG_ANSWER;Пойти спать.;(лечь спать);;;;;;;;;;;;;;;;;;;;;
235;stage14_home_tv_tv;И сегодня мы понаблюдаем.;Сегодня мы понаблюдаем...;;;;;;;;;;;;;;;;;;;;;
236;stage14_home_tv_tv;За двумя прекрасными представителями муравьедов.;За двумя прекрасными представителями животного царства.;;;;;;;;;;;;;;;;;;;;;
237;stage14_home_tv_tv;Они целыми днями неустанно ищут для себя пищу...;Целый день они тратят на поиски пищи для себя и своего потомства.;;;;;;;;;;;;;;;;;;;;;
238;stage14_home_tv_tv;Глаза слипаются...;Вырубаюсь...;;;;;;;;;;;;;;;;;;;;;
239;stage14_home_tv_GG_ANSWER;Пойти спать.;(лечь спать);;;;;;;;;;;;;;;;;;;;;
240;stage15_work_phone_phone;*телефон звонит*;(звонок);;;;;;;;;;;;;;;;;;;;;
241;stage15_work_phone_GG_ANSWER;*ответить на звонок.*;Взять трубку.;;;;;;;;;;;;;;;;;;;;;
242;stage15_work_phone_phone;В карибском бассейне обьявились нвоые пираты, что-то будет?;В карибском бассейне объявились новые пираты. Как думаешь, что делать?;;;;;;;;;;;;;;;;;;;;;
243;stage15_work_phone_GG_ANSWER;РОМ!;Срочно вкладывайтесь в ром!;;;;;;;;;;;;;;;;;;;;;
244;stage15_work_phone_GG_ANSWER;Туризм.;Может, стоит вложиться в туризм?;;;;;;;;;;;;;;;;;;;;;
245;stage15_work_phone_phone;В азии сделали игрушку как бы в яйце живет питомец и то должен ухаживать за ним каждый день или он умрет. Вкладываться?;В Азии разработали новую игрушку. Игрок должен ухаживать за питомцем каждый день, иначе он погибнет. Как тебе?;;;;;;;;;;;;;;;;;;;;;
246;stage15_work_phone_GG_ANSWER;Нет, кому нужен виртуальный мир?;Забей. Кому нужен этот виртуальный мир?;;;;;;;;;;;;;;;;;;;;;
247;stage15_work_phone_GG_ANSWER;Скорее да.;Да, звучит прикольно.;;;;;;;;;;;;;;;;;;;;;
248;stage15_work_phone_phone;Воу! Первые люди на луне!;В мире эпидемя диадемавируса. Звучит очень серьезно.;;;;;;;;;;;;;;;;;;;;;
249;stage15_work_phone_GG_ANSWER;Ну...Бонги?;Можно поддержать компании, производящие антисептик.;;;;;;;;;;;;;;;;;;;;;
250;stage15_work_phone_GG_ANSWER;Американские флаги!;Самое время вкладываться в туалетную бумагу. Поверьте.;;;;;;;;;;;;;;;;;;;;;
251;stage15_work_phone_phone;Уличный художник набирает популярность.;Тут один уличный художник набирает популярность. Что делать будем?;;;;;;;;;;;;;;;;;;;;;
252;stage15_work_phone_GG_ANSWER;Предложите ему сделать свой диснейленд.;Пусть сделает пародию на Диснейленд.;;;;;;;;;;;;;;;;;;;;;
253;stage15_work_phone_GG_ANSWER;Давайте закупим краску для стен.;Вкладывайтесь в баллончики с краской.;;;;;;;;;;;;;;;;;;;;;
254;stage15_work_phone_phone;Новая рекламная компания туалетной бумаги, которая говорит что нужно использовать как минимум 60-слойную бумагу. Брать их акции?;По телику показывают новую рекламу туалетной бумаги. Говорят, в ней как минимум 20 слоев. Покупаем их акции?;;;;;;;;;;;;;;;;;;;;;
255;stage15_work_phone_GG_ANSWER;Да.;Да, отличная идея.;;;;;;;;;;;;;;;;;;;;;
256;stage15_work_phone_GG_ANSWER;Нет.;Нет. Звучит как полный идиотизм.;;;;;;;;;;;;;;;;;;;;;
257;stage15_work_phone_phone;Отличная работа Вильям, ты принес нашей фирме 291$, можешь быть свободен.;Уильям, это я. Ты хорошо поработал и принес фирме 291 доллар. На сегодня ты свободен.;;;;;;;;;;;;;;;;;;;;;
258;stage15_work_phone_GG_ANSWER;Спасибо, сэр.;Хорошо, сэр.;;;;;;;;;;;;;;;;;;;;;
259;stage16_caffee_with_friends_Itan;О привет!;Йоу, привет.;;;;;;;;;;;;;;;;;;;;;
260;stage16_caffee_with_friends_Rei;Что новенького?;Привет. Что новенького?;;;;;;;;;;;;;;;;;;;;;
261;stage16_caffee_with_friends_GG;Привет.;Привет, привет.;;;;;;;;;;;;;;;;;;;;;
262;stage16_caffee_with_friends_GG_ANSWER;Да ничего, все как всегда.;Да ничего, вроде бы. Все как обычно.;;;;;;;;;;;;;;;;;;;;;
263;stage16_caffee_with_friends_Itan;Ребят ребят у меня новая крутая идея!;Эй, зацените. У меня новая нереальная идея!;;;;;;;;;;;;;;;;;;;;;
264;stage16_caffee_with_friends_Rei;Дааа. У нас что-то не особо что-то меняется. Может прическу сменить;Да-а-а. Изо дня в день одно и то же. Прическу что ли сменить для разнообразия...;;;;;;;;;;;;;;;;;;;;;
265;stage16_caffee_with_friends_Itan;Или пол.;Или пол.;;;;;;;;;;;;;;;;;;;;;
266;stage16_caffee_with_friends_Rei;Ну как всегда хорошие идеи от Итана.;Ничего, кроме очередной гениальной идеи, я от тебя и не ждала.;;;;;;;;;;;;;;;;;;;;;
267;stage16_caffee_with_friends_GG;...;...;;;;;;;;;;;;;;;;;;;;;
268;stage16_caffee_with_friends_Itan;Спасибо.;Спасибо.;;;;;;;;;;;;;;;;;;;;;
269;stage16_caffee_with_friends_Rei;Незачто.;Да не за что.;;;;;;;;;;;;;;;;;;;;;
270;stage16_caffee_with_friends_GG;Есть свежие идеи?;Так что, есть свежие идеи?;;;;;;;;;;;;;;;;;;;;;
271;stage16_caffee_with_friends_Itan;Обижаeшь!;А ты как думал? Вот...;;;;;;;;;;;;;;;;;;;;;
272;stage16_caffee_with_friends_Rei;После меня.;Нет уж, дружок. Только после меня.;;;;;;;;;;;;;;;;;;;;;
273;stage16_caffee_with_friends_GG;...;Ну...;;;;;;;;;;;;;;;;;;;;;
274;stage16_caffee_with_friends_GG_ANSWER;Давай свою идею, Итан;Что на этот раз, Итан?;;;;;;;;;;;;;;;;;;;;;
275;stage16_caffee_with_friends_GG_ANSWER;Что случилось, Рэй?;Что тебя беспокоит, Рэй?;;;;;;;;;;;;;;;;;;;;;
276;stage16_caffee_with_friends_Itan;...;(бу-бу-бу);;;;;;;;;;;;;;;;;;;;;
277;stage16_caffee_with_friends_Rei;...;Ха-ха. Очень смешно.;;;;;;;;;;;;;;;;;;;;;
278;stage16_caffee_with_friends_GG;...;(бу-бу-бу);;;;;;;;;;;;;;;;;;;;;
279;stage16_caffee_with_friends_Itan;Уже поздно;Что-то поздно уже.;;;;;;;;;;;;;;;;;;;;;
280;stage16_caffee_with_friends_Rei;Да, хорошо посидели;Да, пора по домам.;;;;;;;;;;;;;;;;;;;;;
281;stage16_caffee_with_friends_GG;До встречи!;Тогда пока.;;;;;;;;;;;;;;;;;;;;;
282;stage16_caffee_with_friends_Itan;Пока!;Пока.;;;;;;;;;;;;;;;;;;;;;
283;stage16_caffee_with_friends_Rei;Пока!;Пока, Уилл.;;;;;;;;;;;;;;;;;;;;;
284;stage17_home_tv_tv;И сколько же ты думаешь прожить?;И что, ты думаешь, что проживешь больше меня?;;;;;;;;;;;;;;;;;;;;;
285;stage17_home_tv_tv;Гораздо больше тебя.;Ты даже не представляешь, насколько...;;;;;;;;;;;;;;;;;;;;;
286;stage17_home_tv_tv;Ха. Смешно. Живой или мертый, но ты пойдешь со мной.;Ха-ха. Не смеши меня. Ты пойдешь со мной, и неважно - живой или мертвый.;;;;;;;;;;;;;;;;;;;;;
287;stage17_home_tv_tv;...;(переключить канал?);;;;;;;;;;;;;;;;;;;;;
288;stage17_home_tv_GG_ANSWER;*переключить канал*;(переключить);;;;;;;;;;;;;;;;;;;;;
289;stage17_home_tv_GG_ANSWER;*смотреть дальше*;(оставить канал);;;;;;;;;;;;;;;;;;;;;
290;stage17_home_tv_tv;Ты уже третий за сегодня, кто так говорит.;Ты уже третий за сегодня, кто говорит мне это.;;;;;;;;;;;;;;;;;;;;;
291;stage17_home_tv_tv;Видимо первые два, забыли зарядить револьвер.;Поверь мне, я стану последним.;;;;;;;;;;;;;;;;;;;;;
292;stage17_home_tv_tv;Чтож, давай проверим твой?;Ну что ж, давай проверим скорость твоей руки.;;;;;;;;;;;;;;;;;;;;;
293;stage17_home_tv_tv;*переключить?*;(переключить?);;;;;;;;;;;;;;;;;;;;;
294;stage17_home_tv_GG_ANSWER;*переключить*;(переключить);;;;;;;;;;;;;;;;;;;;;
295;stage17_home_tv_GG_ANSWER;*смотреть дальше*;(оставить канал);;;;;;;;;;;;;;;;;;;;;
296;stage17_home_tv_tv;*выстрел*;БАМ;;;;;;;;;;;;;;;;;;;;;
297;stage17_home_tv_tv;Видимо тоже не заряжен.;Ты оказался не таким уж и быстрым.;;;;;;;;;;;;;;;;;;;;;
298;stage17_home_tv_tv;Еще один гроб сегодня нашел своего владельца.;Еще один гроб нашел своего владельца.;;;;;;;;;;;;;;;;;;;;;
299;stage17_home_tv_tv;Глаза слипаются...;Глаза слипаются...;;;;;;;;;;;;;;;;;;;;;
300;stage17_home_tv_GG_ANSWER;Пойти спать.;(лечь спать);;;;;;;;;;;;;;;;;;;;;
301;stage18_home_tv_tv;Внимание граждане.;Уважаемые жители города...;;;;;;;;;;;;;;;;;;;;;
302;stage18_home_tv_tv;Загадочный мост самоубийц притягивает все больше людей.;загадочный мост самоубийц притягивает все больше жертв.;;;;;;;;;;;;;;;;;;;;;
303;stage18_home_tv_tv;Если вы увидите странное поведение своих близких;Если вы заметили, что ваши близкие ведут себя странно...;;;;;;;;;;;;;;;;;;;;;
304;stage18_home_tv_tv;*переключить?*;(переключить канал?);;;;;;;;;;;;;;;;;;;;;
305;stage18_home_tv_GG_ANSWER;*переключить*;(переключить);;;;;;;;;;;;;;;;;;;;;
306;stage18_home_tv_GG_ANSWER;*смотреть дальше*;(оставить канал);;;;;;;;;;;;;;;;;;;;;
307;stage18_home_tv_tv;Может быть кто-то из вашего круга общения подавлен.;возможно, у них развивается депрессия.;;;;;;;;;;;;;;;;;;;;;
308;stage18_home_tv_tv;Поговорите. Поговорите с ним по душам.;Обязательно поговорите с ними.;;;;;;;;;;;;;;;;;;;;;
309;stage18_home_tv_tv;Возможно вы можете чем-то помочь.;Вы можете им помочь.;;;;;;;;;;;;;;;;;;;;;
310;stage18_home_tv_tv;Глаза слипаются...;Я так устал...;;;;;;;;;;;;;;;;;;;;;
311;stage18_home_tv_GG_ANSWER;Пойти спать.;(лечь спать);;;;;;;;;;;;;;;;;;;;;
312;stage19_home_tv_tv;Сегодня мы говорим о...;Здравствуйте, в эфире передача Тайны истории.;;;;;;;;;;;;;;;;;;;;;
313;stage19_home_tv_tv;Германском становлении.;Сегодня речь пойдет о Германии...;;;;;;;;;;;;;;;;;;;;;
314;stage19_home_tv_tv;Как народа. Как расы...;и зарождения концепта арийской рассы. ;;;;;;;;;;;;;;;;;;;;;
315;stage19_home_tv_tv;Глаза слипаются...;Уже совсем сил нет...;;;;;;;;;;;;;;;;;;;;;
316;stage19_home_tv_GG_ANSWER;Пойти спать.;(лечь спать);;;;;;;;;;;;;;;;;;;;;
317;stage20_work_phone_phone;*телефон звонит*;(звонок);;;;;;;;;;;;;;;;;;;;;
318;stage20_work_phone_GG_ANSWER;*ответить на звонок*;Взять трубку.;;;;;;;;;;;;;;;;;;;;;
319;stage20_work_phone_phone;Новый президент обещает построить стену вокруг страны и пускать только по подходящему цвету кожу!;"Новый президент собирается построить стену на границах и пускать в страну только людей с ""правильным"" цветом кожи!";;;;;;;;;;;;;;;;;;;;;
320;stage20_work_phone_GG_ANSWER;Пора валить...;Пора задуматься о переезде.;;;;;;;;;;;;;;;;;;;;;
321;stage20_work_phone_phone;Кто-то отравил лекарства в одной из аптек. Скоро начнется шум. Продавать аптеки?;Последние поставки лекарств в одной из аптек оказались отравлены. В СМИ уже поднимается шумиха. Продавать акции аптеки?;;;;;;;;;;;;;;;;;;;;;
322;stage20_work_phone_GG_ANSWER;Да.;Да. И как можно скорее.;;;;;;;;;;;;;;;;;;;;;
323;stage20_work_phone_GG_ANSWER;Нет.;Нет. Ничего страшного не произойдет.;;;;;;;;;;;;;;;;;;;;;
324;stage20_work_phone_phone;Воу! Первые люди на луне!;Эй, тут люди на Луну высаживаются!;;;;;;;;;;;;;;;;;;;;;
325;stage20_work_phone_GG_ANSWER;Ну...Бонги?;Вкладываемся в телескопы.;;;;;;;;;;;;;;;;;;;;;
326;stage20_work_phone_GG_ANSWER;Американские флаги!;Самое время вкладываться в американские флаги.;;;;;;;;;;;;;;;;;;;;;
327;stage20_work_phone_phone;Уровень преступности растет. Во что вкладываться?;Резко вырос уровень приступности. Куда вкладывать деньги?;;;;;;;;;;;;;;;;;;;;;
328;stage20_work_phone_GG_ANSWER;Ломбарды.;В ломбарды.;;;;;;;;;;;;;;;;;;;;;
329;stage20_work_phone_GG_ANSWER;Бордели.;В бордели.;;;;;;;;;;;;;;;;;;;;;
330;stage20_work_phone_phone;Становятся модными мини животные, которых можно взять с собой.;Среди людей набирают популярность карликовые животные, которых удобно брать с собой. Наши действия?;;;;;;;;;;;;;;;;;;;;;
331;stage20_work_phone_GG_ANSWER;Нет идей.;Ничего в голову не приходит.;;;;;;;;;;;;;;;;;;;;;
332;stage20_work_phone_GG_ANSWER;Может одежду для них?;Такие животные обычно носят одежду. Вкладывайтесь в нее.;;;;;;;;;;;;;;;;;;;;;
333;stage20_work_phone_phone;Отличная работа Вильям, ты принес нашей фирме 292$, можешь быть свободен.;Молодец, Уилл. Сегодня ты принес нашей фирме 292 доллара. Ты на сегодня свободен.;;;;;;;;;;;;;;;;;;;;;
334;stage20_work_phone_GG_ANSWER;Спасибо, сэр.;Спасибо, сэр.;;;;;;;;;;;;;;;;;;;;;
335;stage21_caffee_with_friends_Itan;Вот наш старый друг!;А вот и наш лучший друг Уилл!;;;;;;;;;;;;;;;;;;;;;
336;stage21_caffee_with_friends_Rei;Вот он!;Да-да, это точно он.;;;;;;;;;;;;;;;;;;;;;
337;stage21_caffee_with_friends_GG;Эээ.;Эм...;;;;;;;;;;;;;;;;;;;;;
338;stage21_caffee_with_friends_GG_ANSWER;Вы чего?;Вы чего это?;;;;;;;;;;;;;;;;;;;;;
339;stage21_caffee_with_friends_Itan;Да прост скучно.;Да скучно просто.;;;;;;;;;;;;;;;;;;;;;
340;stage21_caffee_with_friends_Rei;Пытаемся веселиться;Ага, пытаемся хоть как-то веселиться.;;;;;;;;;;;;;;;;;;;;;
341;stage21_caffee_with_friends_GG;НУ ДАРОВА.;Тогда... ПРЕВЕД!;;;;;;;;;;;;;;;;;;;;;
342;stage21_caffee_with_friends_Itan;В теме чувак.;Это по нашему.;;;;;;;;;;;;;;;;;;;;;
343;stage21_caffee_with_friends_Rei;...;Мда уж...;;;;;;;;;;;;;;;;;;;;;
344;stage21_caffee_with_friends_GG;Хех.;Хех.;;;;;;;;;;;;;;;;;;;;;
345;stage21_caffee_with_friends_Itan;Так. Вы готовы дети?;Итак... Вы готовы, дети?!;;;;;;;;;;;;;;;;;;;;;
346;stage21_caffee_with_friends_Rei;Нет, сновааа.;О нет, только не это...;;;;;;;;;;;;;;;;;;;;;
347;stage21_caffee_with_friends_;...;...;;;;;;;;;;;;;;;;;;;;;
348;stage21_caffee_with_friends_GG_ANSWER;Да, капитан!;Да, капитан!;;;;;;;;;;;;;;;;;;;;;
349;stage21_caffee_with_friends_GG_ANSWER;Ну, ты все равно ничего не делаешь!;Только без этих штучек.;;;;;;;;;;;;;;;;;;;;;
350;stage21_caffee_with_friends_Itan;НЕВАЖНО.;Тогда...;;;;;;;;;;;;;;;;;;;;;
351;stage21_caffee_with_friends_Rei;Да. Важно это у меня.;Я бы хотела кое-что сказать...;;;;;;;;;;;;;;;;;;;;;
352;stage21_caffee_with_friends_GG;...;Давай...;;;;;;;;;;;;;;;;;;;;;
353;stage21_caffee_with_friends_GG_ANSWER;Давай свою идею, Итан;Рассказывай свою новую идею, Итан.;;;;;;;;;;;;;;;;;;;;;
354;stage21_caffee_with_friends_GG_ANSWER;Что случилось, Рэй?;Выкладывай, в чем дело, Рэй.;;;;;;;;;;;;;;;;;;;;;
355;stage21_caffee_with_friends_Itan;...;(бу-бу-бу);;;;;;;;;;;;;;;;;;;;;
356;stage21_caffee_with_friends_Rei;...;(ля-ля-ля);;;;;;;;;;;;;;;;;;;;;
357;stage21_caffee_with_friends_GG;...;Ну вы даете.;;;;;;;;;;;;;;;;;;;;;
358;stage21_caffee_with_friends_Itan;Уже поздно;Что ж, пора по домам.;;;;;;;;;;;;;;;;;;;;;
359;stage21_caffee_with_friends_Rei;Да, хорошо посидели;Да, ты прав.;;;;;;;;;;;;;;;;;;;;;
360;stage21_caffee_with_friends_GG;До встречи!;До встречи, ребят.;;;;;;;;;;;;;;;;;;;;;
361;stage21_caffee_with_friends_Itan;Пока!;Пока.;;;;;;;;;;;;;;;;;;;;;
362;stage21_caffee_with_friends_Rei;Пока!;Пока!;;;;;;;;;;;;;;;;;;;;;
363;stage22_home_tv_tv;Мертвые свиньи в мясной лавке.;Туши свиней в лавке мясника.;;;;;;;;;;;;;;;;;;;;;
364;stage22_home_tv_tv;След ножей на рзорванном брюхе.;Следы тесака на выпотрошенном брюхе.;;;;;;;;;;;;;;;;;;;;;
365;stage22_home_tv_tv;Этот город боится меня.;Этот город боится меня.;;;;;;;;;;;;;;;;;;;;;
366;stage22_home_tv_tv;*переключить?*;(переключить канал?);;;;;;;;;;;;;;;;;;;;;
367;stage22_home_tv_GG_ANSWER;*переключить канал*;(переключить);;;;;;;;;;;;;;;;;;;;;
368;stage22_home_tv_GG_ANSWER;*смотреть дальше*;(оставить канал);;;;;;;;;;;;;;;;;;;;;
369;stage22_home_tv_tv;Я видел его истинное лицо.;Потому что я видел его истинное лицо.;;;;;;;;;;;;;;;;;;;;;
370;stage22_home_tv_tv;Улицы словно вены.;Улицы пронизывают его словно вены.;;;;;;;;;;;;;;;;;;;;;
371;stage22_home_tv_tv;И по венам уже струится депрессия.;По ним струится страх и депрессия, словно кровь.;;;;;;;;;;;;;;;;;;;;;
372;stage22_home_tv_tv;*переключить?*;(переключить?);;;;;;;;;;;;;;;;;;;;;
373;stage22_home_tv_GG_ANSWER;*переключить*;(переключить канал);;;;;;;;;;;;;;;;;;;;;
374;stage22_home_tv_GG_ANSWER;*смотреть дальше*;(оставить канал);;;;;;;;;;;;;;;;;;;;;
375;stage22_home_tv_tv;И когда кровь уже перестанет течь по венам.;И когда поток крови по венам прекратится...;;;;;;;;;;;;;;;;;;;;;
376;stage22_home_tv_tv;Вся эта мразь возопит о помощи. А я отвечу им:;вся эта мразь возопит о помощи. А я отвечу им:;;;;;;;;;;;;;;;;;;;;;
377;stage22_home_tv_tv;НЕТ.;НЕТ.;;;;;;;;;;;;;;;;;;;;;
378;stage22_home_tv_tv;Глаза слипаются...;Уже сил нет сидеть...;;;;;;;;;;;;;;;;;;;;;
379;stage22_home_tv_GG_ANSWER;Пойти спать.;(лечь спать);;;;;;;;;;;;;;;;;;;;;
380;stage23_home_tv_tv;Напоминаем.;Уважаемые зрители. Хотим напомнить вам...;;;;;;;;;;;;;;;;;;;;;
381;stage23_home_tv_tv;Сегодня день матери!;что сегодня День матери.;;;;;;;;;;;;;;;;;;;;;
382;stage23_home_tv_tv;Не забудьте позвонить своей маме.;Позвоните своей маме.;;;;;;;;;;;;;;;;;;;;;
383;stage23_home_tv_tv;*переключить?*;(переключить канал?);;;;;;;;;;;;;;;;;;;;;
384;stage23_home_tv_GG_ANSWER;*переключить*;(переключить);;;;;;;;;;;;;;;;;;;;;
385;stage23_home_tv_GG_ANSWER;*смотреть дальше*;(оставить канал);;;;;;;;;;;;;;;;;;;;;
386;stage23_home_tv_tv;И просто сказать, что вы любите ее.;Скажите ей, как сильно вы любите ее.;;;;;;;;;;;;;;;;;;;;;
387;stage23_home_tv_tv;Но лучше всего - купите ей цветов и конфет.;А лучше порадуйте ее подарком. Она любит вас.;;;;;;;;;;;;;;;;;;;;;
388;stage23_home_tv_tv;Берегите себя и своих близких.;Берегите себя и своих близких. До встречи!;;;;;;;;;;;;;;;;;;;;;
389;stage23_home_tv_tv;Глаза слипаются...;Спать хочется...;;;;;;;;;;;;;;;;;;;;;
390;stage23_home_tv_GG_ANSWER;Пойти спать.;(лечь спать);;;;;;;;;;;;;;;;;;;;;
391;stage24_home_tv_tv;*поет* Oh baby baby oh;(поет) ;;;;;;;;;;;;;;;;;;;;;
392;stage24_home_tv_tv;*поет* Oh baby baby oh;Like baby, baby, baby nooo...;;;;;;;;;;;;;;;;;;;;;
393;stage24_home_tv_tv;*поет* Oh baby baby oh;Like baby, baby, baby oooh...;;;;;;;;;;;;;;;;;;;;;
394;stage24_home_tv_tv;Глаза слипаются...;Это я точно смотреть не буду...;;;;;;;;;;;;;;;;;;;;;
395;stage24_home_tv_GG_ANSWER;Пойти спать.;(лечь спать);;;;;;;;;;;;;;;;;;;;;
396;stage25_work_phone_phone;*телефон звонит*;(звонок);;;;;;;;;;;;;;;;;;;;;
397;stage25_work_phone_GG_ANSWER;Ответить на звонок.;Взять трубку;;;;;;;;;;;;;;;;;;;;;
398;stage25_work_phone_phone;*телефон звонит*;(звонок);;;;;;;;;;;;;;;;;;;;;
399;stage25_work_phone_GG_ANSWER;Ответить на звонок.;Взять трубку;;;;;;;;;;;;;;;;;;;;;
400;stage25_work_phone_phone;*телефон звонит*;(звонок);;;;;;;;;;;;;;;;;;;;;
401;stage25_work_phone_GG_ANSWER;Ответить на звонок.;Взять трубку;;;;;;;;;;;;;;;;;;;;;
402;stage25_work_phone_phone;*телефон звонит*;(звонок);;;;;;;;;;;;;;;;;;;;;
403;stage25_work_phone_GG_ANSWER;Ответить на ебаный звонок.;Взять чертову трубку;;;;;;;;;;;;;;;;;;;;;
404;stage26_Itan_talk_Itan;Итак! Слушайте! Эта идея принесет нам миллионы!;Тогда слушайте внимательно.;;;;;;;;;;;;;;;;;;;;;
405;stage26_Itan_talk_Itan;Чего боится каждый честный американец?;Ответьте мне на один вопрос: чего боится каждый честный американец?;;;;;;;;;;;;;;;;;;;;;
406;stage26_Itan_talk_Itan;Кто наш главный враг?;Кто главная угроза для наших патриотов? ;;;;;;;;;;;;;;;;;;;;;
407;stage26_Itan_talk_Itan;Правильно! Каждый боится увидеть красные ракеты, летящие на твой город!;Точно! Каждый истинный житель нашей страны боится увидеть ракеты красных, которые летят на их город.;;;;;;;;;;;;;;;;;;;;;
408;stage26_Itan_talk_Itan;Как же нам помочь людям, спастись от коммунистической угрозы?;И возникает проблема: как же нам спасти наших граждан от коммунистической угрозы?;;;;;;;;;;;;;;;;;;;;;
409;stage26_Itan_talk_Itan;Легко! Сразу после выпуска новостей - я стучу в дверь.;А очень просто! Сразу после того, как поступают сообщения о ядерном ударе, я стучу в дверь дома.;;;;;;;;;;;;;;;;;;;;;
410;stage26_Itan_talk_Itan;А честный американец уже дрожит от страха!;Пока патриот в штаны не наложил.;;;;;;;;;;;;;;;;;;;;;
411;stage26_Itan_talk_Itan;Он думает, что это опасность стучит ему в дверь! Но это я. И я - его спасение!;Думает, что за ним уже пришли комми. Но нет! В дверь стучу я - его спасение.;;;;;;;;;;;;;;;;;;;;;
412;stage26_Itan_talk_Itan;Я сую ему договор на оборудование противоядерного бункера под кодовым названием:;Он октрывает дверь, и я ему впариваю договор на перемещение его семьи в специальный бункер, который называется...;;;;;;;;;;;;;;;;;;;;;
413;stage26_Itan_talk_Itan;УБЕЖИЩЕ;У-БЕ-ЖИ-ЩЕ.;;;;;;;;;;;;;;;;;;;;;
414;stage26_Itan_talk_Itan;Ну как вам?;Ну что, как вам идейка?;;;;;;;;;;;;;;;;;;;;;
415;stage26_Itan_talk_Rei;Может тебе работу найти?;Слушай, может тебе лучше работу найти?;;;;;;;;;;;;;;;;;;;;;
416;stage26_Itan_talk_Itan;Да есть у меня работа... А ты что думаешь Вил?;Да-да, ничего другого от тебя и не ожидал. А что ты скажешь, Уилл?;;;;;;;;;;;;;;;;;;;;;
417;stage26_Itan_talk_GG;Ну...;Ну...;;;;;;;;;;;;;;;;;;;;;
418;stage26_Itan_talk_GG_ANSWER;Хорошая идея, делай!;Звучит довольно интересно.;;;;;;;;;;;;;;;;;;;;;
419;stage26_Itan_talk_GG_ANSWER;Надо бы конечно еще доработать детали...;По-моему, ты далеко не все продумал.;;;;;;;;;;;;;;;;;;;;;
420;stage27_Itan_talk_Itan;Вы знаете, что было бы самым удобным?;Знаете, что было бы действительно удобно?;;;;;;;;;;;;;;;;;;;;;
421;stage27_Itan_talk_Itan;Вот у нас есть телефоны.;Вот представьте: у вас же есть телефон?;;;;;;;;;;;;;;;;;;;;;
422;stage27_Itan_talk_Itan;Эти ужасные кнопки. Они стираются, выпадают, ломаются.;Все эти ужасные неудобные кнопки. Они стираются, перестают работать, выпадают.;;;;;;;;;;;;;;;;;;;;;
423;stage27_Itan_talk_Itan;Вот просто представьте. Если бы можно сделать телефон без кнопок?;А что если можно было бы сделать телефон БЕЗ кнопок?;;;;;;;;;;;;;;;;;;;;;
424;stage27_Itan_talk_Itan;Т.е. все есть на экране? Телефон понимает куда ты нажал и кнопки уже на нем?;Все, что вам нужно для управления - это экран. Телефон сам определяет, куда нажимает его владелец.;;;;;;;;;;;;;;;;;;;;;
425;stage27_Itan_talk_Itan;И экраны были бы больше. Мне кажется это очень перспективно.;А экраны во много раз больше и удобнее! Мне кажется, это отличная идея.;;;;;;;;;;;;;;;;;;;;;
426;stage27_Itan_talk_Itan;Я даже придумал лого.;Я даже придумал логотип для компании, которая будет их выпускать.;;;;;;;;;;;;;;;;;;;;;
427;stage27_Itan_talk_Itan;Как насчет...;Внимание...;;;;;;;;;;;;;;;;;;;;;
428;stage27_Itan_talk_Itan;Надкусанный картофель?;НАДКУСАННАЯ КАРТОФЕЛИНА!;;;;;;;;;;;;;;;;;;;;;
429;stage27_Itan_talk_Itan;Телефоны марки Potato.;"Назовем марку ""Potato"".";;;;;;;;;;;;;;;;;;;;;
430;stage27_Itan_talk_Itan;Уже хочется купить, неправда ли?;От одного названия появляется желание купить такой.;;;;;;;;;;;;;;;;;;;;;
431;stage27_Itan_talk_Rei;И как же ты это сделаешь?;Как же ты осуществишь такую идею?;;;;;;;;;;;;;;;;;;;;;
432;stage27_Itan_talk_Itan;Главное это идея! Решение всегда найдется!;Главное - придумать. А решение всегда найдется.;;;;;;;;;;;;;;;;;;;;;
433;stage27_Itan_talk_GG;В этом есть резон.;Звучит круто!;;;;;;;;;;;;;;;;;;;;;
434;stage27_Itan_talk_GG_ANSWER;Хорошая идея, делай!;Это действительно отличная придумка.;;;;;;;;;;;;;;;;;;;;;
435;stage27_Itan_talk_GG_ANSWER;Надо бы конечно еще доработать детали...;Но насчет реализации стоит подумать.;;;;;;;;;;;;;;;;;;;;;
436;stage28_Itan_talk_Itan;Вот знаете, у меня много идей. Ну и я подумал...;Вы знаете, что у меня много идей. А что если...;;;;;;;;;;;;;;;;;;;;;
437;stage28_Itan_talk_Itan;Что если было бы место, где...люди публикуют свои идеи.;Было бы место, где люди могли бы делиться своими идеями с другими людьми?;;;;;;;;;;;;;;;;;;;;;
438;stage28_Itan_talk_Itan;Не. Не идеи а уже проекты!;И даже не идеи, а уже продуманные проекты!;;;;;;;;;;;;;;;;;;;;;
439;stage28_Itan_talk_Itan;А другие люди бы присылали им деньги на создание!;А все, кто хочет поддержать подобный проект, могут перевести деньги на его создание.;;;;;;;;;;;;;;;;;;;;;
440;stage28_Itan_talk_Itan;И выпускать. Ну как журнал или что-то такое!;В конечном итоге у проекта будет шанс осуществиться. Можно сделать это в формате какого-нибудь журнала или типа того.;;;;;;;;;;;;;;;;;;;;;
441;stage28_Itan_talk_Rei;Да брось, кто захочет просто так отдавать деньги, да еще и за чужие глупые идеи?;Да брось. Кто в здравом уме захочет отдавать деньги каким-то чудикам на их бредовые идеи?;;;;;;;;;;;;;;;;;;;;;
442;stage28_Itan_talk_Itan;Наверное есть же и не глупые, людей то много...;Не у всех же идеи глупые, есть и хорошие.;;;;;;;;;;;;;;;;;;;;;
443;stage28_Itan_talk_GG;Отправлять...;Хм... Отправлять деньги на чужие проекты...;;;;;;;;;;;;;;;;;;;;;
444;stage28_Itan_talk_GG_ANSWER;Я вот еле свожу концы с концами...;Я точно не могу позволить себе тратить на такое деньги.;;;;;;;;;;;;;;;;;;;;;
445;stage28_Itan_talk_GG_ANSWER;Может кто-то и отправит.;Может, кто-то и правда захочет поддержать изобретателей.;;;;;;;;;;;;;;;;;;;;;
446;stage29_Itan_talk_Itan;А вот знаете.;Слушайте: люди же постоянно едят, так?;;;;;;;;;;;;;;;;;;;;;
447;stage29_Itan_talk_Itan;Мы же едим тут постоянно.;Мы вот с вами в этом кафе каждый вечер заседаем.;;;;;;;;;;;;;;;;;;;;;
448;stage29_Itan_talk_Itan;Но многие об этом вообще не знают.;И другие же об этом даже не знают!;;;;;;;;;;;;;;;;;;;;;
449;stage29_Itan_talk_Itan;Вот был бы какой-то способ...;А что если был бы способ рассказать об этом друзьям.;;;;;;;;;;;;;;;;;;;;;
450;stage29_Itan_talk_Itan;Какой-то способ поделиться друзьями самым дорогим.;И поделиться с ними самым главным:;;;;;;;;;;;;;;;;;;;;;
451;stage29_Itan_talk_Itan;Фотографиями еды!;ФОТОГРАФИЯМИ ЕДЫ!;;;;;;;;;;;;;;;;;;;;;
452;stage29_Itan_talk_Itan;Ничего не говорите. Это гениально!;Это же гениально. Разве нет?;;;;;;;;;;;;;;;;;;;;;
453;stage29_Itan_talk_GG;Пожалуй...;Знаешь...;;;;;;;;;;;;;;;;;;;;;
454;stage29_Itan_talk_GG_ANSWER;Да.;Как-то странно это все звучит.;;;;;;;;;;;;;;;;;;;;;
455;stage29_Itan_talk_GG_ANSWER;Будущее за тобой!;Побольше бы нам таких изобретателей, как ты.;;;;;;;;;;;;;;;;;;;;;
456;stage30_Itan_talk_Itan;Окей, сейчас САМАЯ ЛУЧШАЯ моя идея.;Окей, окей. Я расскажу вам свою САМУЮ лучшую идею.;;;;;;;;;;;;;;;;;;;;;
457;stage30_Itan_talk_Itan;Вы готовы? Давайте пошумите немного для меня!;Вы точно готовы? ;;;;;;;;;;;;;;;;;;;;;
458;stage30_Itan_talk_Itan;Ну ладно ладно...;Барабанная дробь...;;;;;;;;;;;;;;;;;;;;;
459;stage30_Itan_talk_Itan;В общем. Как нсасчет...;Моя лучшая идея - ...;;;;;;;;;;;;;;;;;;;;;
460;stage30_Itan_talk_Itan;Делать игры!;Делать компьютерные игры!;;;;;;;;;;;;;;;;;;;;;
461;stage30_Itan_talk_Itan;Моя первая идея: Игра по персонажа;У меня уже есть концепт первой игры. Она будет про персонажа...;;;;;;;;;;;;;;;;;;;;;
462;stage30_Itan_talk_Itan;Отговаривает самоубийц. Как вам?;Который отговаривает самоубийц от суицида. Ну? Что скажете?;;;;;;;;;;;;;;;;;;;;;
463;stage30_Itan_talk_Rei;Фу. Итан! Это аморально!;Боже, Итан! Это же полный бред.;;;;;;;;;;;;;;;;;;;;;
464;stage30_Itan_talk_Itan;Да нормально, чего ты...;Да ладно, нормальная идея...;;;;;;;;;;;;;;;;;;;;;
465;stage30_Itan_talk_GG;Действительно...;Ну...;;;;;;;;;;;;;;;;;;;;;
466;stage30_Itan_talk_GG_ANSWER;Я уже играю.;Мне кажется, я в ней главный герой.;;;;;;;;;;;;;;;;;;;;;
467;stage30_Itan_talk_GG_ANSWER;Я уже играю.;Я бы не хотел в такое играть.;;;;;;;;;;;;;;;;;;;;;
468;stage31_Rei_talk_Rei;Ну...;Ну...;;;;;;;;;;;;;;;;;;;;;
469;stage31_Rei_talk_Rei;Я опять на антидепрессантах.;Я опять принимаю антидепрессанты.;;;;;;;;;;;;;;;;;;;;;
470;stage31_Rei_talk_Rei;Мне так одиноко...;Мне очень одиноко.;;;;;;;;;;;;;;;;;;;;;
471;stage31_Rei_talk_Rei;У меня опять ничего не получается...;И в жизни у меня ничего не складывается...;;;;;;;;;;;;;;;;;;;;;
472;stage31_Rei_talk_Rei;*плачет*;(плачет);;;;;;;;;;;;;;;;;;;;;
473;stage31_Rei_talk_Rei;На работе снова завал, и я не знаю зачем живу и к чему стремиться...;На работе снова полный завал. У меня не к чему стримиться. Я не знаю, зачем я живу...;;;;;;;;;;;;;;;;;;;;;
474;stage31_Rei_talk_Rei;Скажите хоть что-нибудь!;Почему вы молчите?! Скажите хоть что-нибудь!;;;;;;;;;;;;;;;;;;;;;
475;stage31_Rei_talk_Itan;Мммм...Может сменишь работу? Или на курсы какие пойдешь?;Хм... Может, тебе стоит сменить работу? ;;;;;;;;;;;;;;;;;;;;;
476;stage31_Rei_talk_GG;Ну...;Или найти какое-нибудь хобби.;;;;;;;;;;;;;;;;;;;;;
477;stage31_Rei_talk_Rei;Я ничего не хочу...;Но я уже ничего не хочу...;;;;;;;;;;;;;;;;;;;;;
478;stage31_Rei_talk_GG;Рей...;Послушай, Рэй...;;;;;;;;;;;;;;;;;;;;;
479;stage31_Rei_talk_GG_ANSWER;Скоро все наладится. Я уверен!;Я уверен, что скоро все наладится. Вот увидишь!;;;;;;;;;;;;;;;;;;;;;
480;stage31_Rei_talk_GG_ANSWER;Надо что-то делать, чтобы жизнь стала лучше!;Мне кажется, чтобы тебе стало легче, ты должна сама что-то поменять.;;;;;;;;;;;;;;;;;;;;;
481;stage32_Rei_talk_Rei;Опять. Опять дома проблемы...;Дома... дома опять проблемы.;;;;;;;;;;;;;;;;;;;;;
482;stage32_Rei_talk_Rei;Отец опять пьет.;Отец снова пьет не просыхая...;;;;;;;;;;;;;;;;;;;;;
483;stage32_Rei_talk_Rei;Говорит про меня всякие гадости.;Оскорбляет меня.;;;;;;;;;;;;;;;;;;;;;
484;stage32_Rei_talk_Rei;И про маму.;Говорит гадости маме.;;;;;;;;;;;;;;;;;;;;;
485;stage32_Rei_talk_Rei;Она все время плачет, я не знаю как ее успокоить.;Она постоянно плачет. Я не знаю, что нам делать.;;;;;;;;;;;;;;;;;;;;;
486;stage32_Rei_talk_Itan;Вообще надо вызвать полицию!;А ты не пробовала обратиться в полицию?;;;;;;;;;;;;;;;;;;;;;
487;stage32_Rei_talk_GG;...;Да, мне кажется, это могло бы помочь.;;;;;;;;;;;;;;;;;;;;;
488;stage32_Rei_talk_Rei;Мы много раз уже вызывали. Это не помогает.;Мы вызывали уже, и не раз. Результата - ноль.;;;;;;;;;;;;;;;;;;;;;
489;stage32_Rei_talk_GG;Рей...;Может...;;;;;;;;;;;;;;;;;;;;;
490;stage32_Rei_talk_GG_ANSWER;Может сьехать?;Тебе стоит съехать?;;;;;;;;;;;;;;;;;;;;;
491;stage32_Rei_talk_GG_ANSWER;Тебе нужно избавиться от этого.;Пора обратиться к врачу?;;;;;;;;;;;;;;;;;;;;;
492;stage32_Rei_talk_Rei;Спасибо ребят... После разговоров с вами мне становится легче...;Я подумаю... Спасибо, ребят. Когда выскажусь, мне всегда легче. ;;;;;;;;;;;;;;;;;;;;;
493;stage33_Rei_talk_Rei;...;Не знаю, как это сказать...;;;;;;;;;;;;;;;;;;;;;
494;stage33_Rei_talk_Rei;...;Я...;;;;;;;;;;;;;;;;;;;;;
495;stage33_Rei_talk_Rei;Я шлюха...;Я шлюха.;;;;;;;;;;;;;;;;;;;;;
496;stage33_Rei_talk_Rei;Я переспала с начальником ради повышения.;Я переспала со своим начальником ради повышения.;;;;;;;;;;;;;;;;;;;;;
497;stage33_Rei_talk_Itan;...;...;;;;;;;;;;;;;;;;;;;;;
498;stage33_Rei_talk_GG;...;...;;;;;;;;;;;;;;;;;;;;;
500;stage33_Rei_talk_Rei;Я знаю...Но мне нужны деньги... И он милый...;Да, я понимаю. Но мне очень нужны деньги. И кажется, он мне нравится...;;;;;;;;;;;;;;;;;;;;;
501;stage33_Rei_talk_GG;Рей...;Рэй...;;;;;;;;;;;;;;;;;;;;;
502;stage33_Rei_talk_GG_ANSWER;Всякое бывает.;Ты далеко не первая.;;;;;;;;;;;;;;;;;;;;;
503;stage33_Rei_talk_GG_ANSWER;Тебе понравилось?;А тебе понравилось?;;;;;;;;;;;;;;;;;;;;;
504;stage33_Rei_talk_Rei;Ой, идите вы.;Ой, да идите вы.;;;;;;;;;;;;;;;;;;;;;
506;stage34_Rei_talk_Rei;Нуууууу..;Ну...;;;;;;;;;;;;;;;;;;;;;
507;stage34_Rei_talk_Rei;Ребят. Только честно.;Ребят, скажите честно.;;;;;;;;;;;;;;;;;;;;;
508;stage34_Rei_talk_Rei;Я толстая?;Я толстая?;;;;;;;;;;;;;;;;;;;;;
509;stage34_Rei_talk_Itan;Рей!;Рэй, перестань!;;;;;;;;;;;;;;;;;;;;;
510;stage34_Rei_talk_GG;Рей!;Да, Рэй, прекрати.;;;;;;;;;;;;;;;;;;;;;
511;stage34_Rei_talk_Rei;ЧТО?;Ну, а что? Разве нет?;;;;;;;;;;;;;;;;;;;;;
512;stage34_Rei_talk_Itan;Ты сексуальна и в шикарной форме.;Ты очень даже сексуальна. К тому же, ты носишь прикольную форму.;;;;;;;;;;;;;;;;;;;;;
513;stage34_Rei_talk_GG;Поддерживаю.;Да, полностью поддерживаю Итана.;;;;;;;;;;;;;;;;;;;;;
514;stage34_Rei_talk_Rei;Точно?;Точно? Вы уверен?;;;;;;;;;;;;;;;;;;;;;
515;stage34_Rei_talk_GG;Рей...;Слушай...;;;;;;;;;;;;;;;;;;;;;
516;stage34_Rei_talk_GG_ANSWER;Все супер.;Ты отлично выглядишь.;;;;;;;;;;;;;;;;;;;;;
517;stage34_Rei_talk_GG_ANSWER;Боссу же понравилось.;Твоему боссу же понравилось.;;;;;;;;;;;;;;;;;;;;;
518;stage34_Rei_talk_Rei;Спасибо!;Да, вы правы. Спасибо.;;;;;;;;;;;;;;;;;;;;;
519;stage35_Rei_talk_Rei;Так.;У меня есть план.;;;;;;;;;;;;;;;;;;;;;
520;stage35_Rei_talk_Rei;Дослушайте пожалуйста.;Только дослушайте меня до конца!;;;;;;;;;;;;;;;;;;;;;
521;stage35_Rei_talk_Rei;Я все продумала.;Я все уже продумала.;;;;;;;;;;;;;;;;;;;;;
522;stage35_Rei_talk_Rei;Помогите мне достать пистолет.;Мне нужно, чтобы вы помогли мне достать пистолет.;;;;;;;;;;;;;;;;;;;;;
523;stage35_Rei_talk_Itan;Рей!;Чего?!;;;;;;;;;;;;;;;;;;;;;
524;stage35_Rei_talk_GG;Рей!;О чем ты говоришь вообще?;;;;;;;;;;;;;;;;;;;;;
525;stage35_Rei_talk_Rei;ЧТО!?;А что?;;;;;;;;;;;;;;;;;;;;;
526;stage35_Rei_talk_Itan;Это полный бред.;Это полный бред.;;;;;;;;;;;;;;;;;;;;;
527;stage35_Rei_talk_GG;Правда, есть и другие выходы...;Итан прав. Есть и другой выход.;;;;;;;;;;;;;;;;;;;;;
528;stage35_Rei_talk_Rei;И как часто вы, ребята, в своей жизни находили ДРУГОЙ выход?;Да? И как часто вы находили в жизни ДРУГОЙ выход?;;;;;;;;;;;;;;;;;;;;;
529;stage35_Rei_talk_GG;Рей...;Рэй...;;;;;;;;;;;;;;;;;;;;;
530;stage35_Rei_talk_GG_ANSWER;Пожалуйста успокойся...;Забудь об этом. Пожалуйста.;;;;;;;;;;;;;;;;;;;;;
531;stage35_Rei_talk_Rei;Ладно, наверное я подумаю еще. Или обращусь к НАСТОЯЩИМ друзьям.;Большое, блин, спасибо. Может, мне стоит обратиться за помощью к НАСТОЯЩИМ друзьям.;;;;;;;;;;;;;;;;;;;;;
;;;;;;;;;;;;;;;;;;;;;;;;
;;;;;;;;;;;;;;;;;;;;;;;;
;;;;;;;;;;;;;;;;;;;;;;;;
;;;;;;;;;;;;;;;;;;;;;;;;
;;;;;;;;;;;;;;;;;;;;;;;;
;;;;;;;;;;;;;;;;;;;;;;;;
;;;;;;;;;;;;;;;;;;;;;;;;
;;;;;;;;;;;;;;;;;;;;;;;;
;;;;;;;;;;;;;;;;;;;;;;;;
;;;;;;;;;;;;;;;;;;;;;;;;
;;;;;;;;;;;;;;;;;;;;;;;;
;;;;;;;;;;;;;;;;;;;;;;;;
;;;;;;;;;;;;;;;;;;;;;;;;
;;;;;;;;;;;;;;;;;;;;;;;;
;;;;;;;;;;;;;;;;;;;;;;;;
;;;;;;;;;;;;;;;;;;;;;;;;
;;;;;;;;;;;;;;;;;;;;;;;;
;;;;;;;;;;;;;;;;;;;;;;;;
;;;;;;;;;;;;;;;;;;;;;;;;
;;;;;;;;;;;;;;;;;;;;;;;;
;;;;;;;;;;;;;;;;;;;;;;;;
;;;;;;;;;;;;;;;;;;;;;;;;
;;;;;;;;;;;;;;;;;;;;;;;;
;;;;;;;;;;;;;;;;;;;;;;;;
;;;;;;;;;;;;;;;;;;;;;;;;
;;;;;;;;;;;;;;;;;;;;;;;;
;;;;;;;;;;;;;;;;;;;;;;;;
;;;;;;;;;;;;;;;;;;;;;;;;
;;;;;;;;;;;;;;;;;;;;;;;;
;;;;;;;;;;;;;;;;;;;;;;;;
;;;;;;;;;;;;;;;;;;;;;;;;
;;;;;;;;;;;;;;;;;;;;;;;;
;;;;;;;;;;;;;;;;;;;;;;;;
;;;;;;;;;;;;;;;;;;;;;;;;
;;;;;;;;;;;;;;;;;;;;;;;;
;;;;;;;;;;;;;;;;;;;;;;;;
;;;;;;;;;;;;;;;;;;;;;;;;
;;;;;;;;;;;;;;;;;;;;;;;;
;;;;;;;;;;;;;;;;;;;;;;;;
;;;;;;;;;;;;;;;;;;;;;;;;
;;;;;;;;;;;;;;;;;;;;;;;;
;;;;;;;;;;;;;;;;;;;;;;;;
;;;;;;;;;;;;;;;;;;;;;;;;
;;;;;;;;;;;;;;;;;;;;;;;;
;;;;;;;;;;;;;;;;;;;;;;;;
;;;;;;;;;;;;;;;;;;;;;;;;
;;;;;;;;;;;;;;;;;;;;;;;;
;;;;;;;;;;;;;;;;;;;;;;;;
;;;;;;;;;;;;;;;;;;;;;;;;
;;;;;;;;;;;;;;;;;;;;;;;;
;;;;;;;;;;;;;;;;;;;;;;;;
;;;;;;;;;;;;;;;;;;;;;;;;
;;;;;;;;;;;;;;;;;;;;;;;;
;;;;;;;;;;;;;;;;;;;;;;;;
;;;;;;;;;;;;;;;;;;;;;;;;
;;;;;;;;;;;;;;;;;;;;;;;;
;;;;;;;;;;;;;;;;;;;;;;;;
;;;;;;;;;;;;;;;;;;;;;;;;
;;;;;;;;;;;;;;;;;;;;;;;;
;;;;;;;;;;;;;;;;;;;;;;;;
;;;;;;;;;;;;;;;;;;;;;;;;
;;;;;;;;;;;;;;;;;;;;;;;;
;;;;;;;;;;;;;;;;;;;;;;;;
;;;;;;;;;;;;;;;;;;;;;;;;
;;;;;;;;;;;;;;;;;;;;;;;;
;;;;;;;;;;;;;;;;;;;;;;;;
;;;;;;;;;;;;;;;;;;;;;;;;
;;;;;;;;;;;;;;;;;;;;;;;;
;;;;;;;;;;;;;;;;;;;;;;;;
;;;;;;;;;;;;;;;;;;;;;;;;
;;;;;;;;;;;;;;;;;;;;;;;;
;;;;;;;;;;;;;;;;;;;;;;;;
;;;;;;;;;;;;;;;;;;;;;;;;
;;;;;;;;;;;;;;;;;;;;;;;;
;;;;;;;;;;;;;;;;;;;;;;;;
;;;;;;;;;;;;;;;;;;;;;;;;
;;;;;;;;;;;;;;;;;;;;;;;;
;;;;;;;;;;;;;;;;;;;;;;;;
;;;;;;;;;;;;;;;;;;;;;;;;
;;;;;;;;;;;;;;;;;;;;;;;;
;;;;;;;;;;;;;;;;;;;;;;;;
;;;;;;;;;;;;;;;;;;;;;;;;
;;;;;;;;;;;;;;;;;;;;;;;;
;;;;;;;;;;;;;;;;;;;;;;;;
;;;;;;;;;;;;;;;;;;;;;;;;
;;;;;;;;;;;;;;;;;;;;;;;;
;;;;;;;;;;;;;;;;;;;;;;;;
;;;;;;;;;;;;;;;;;;;;;;;;
;;;;;;;;;;;;;;;;;;;;;;;;
;;;;;;;;;;;;;;;;;;;;;;;;
;;;;;;;;;;;;;;;;;;;;;;;;
;;;;;;;;;;;;;;;;;;;;;;;;
;;;;;;;;;;;;;;;;;;;;;;;;
;;;;;;;;;;;;;;;;;;;;;;;;
;;;;;;;;;;;;;;;;;;;;;;;;
;;;;;;;;;;;;;;;;;;;;;;;;
;;;;;;;;;;;;;;;;;;;;;;;;
;;;;;;;;;;;;;;;;;;;;;;;;
;;;;;;;;;;;;;;;;;;;;;;;;
;;;;;;;;;;;;;;;;;;;;;;;;
;;;;;;;;;;;;;;;;;;;;;;;;
;;;;;;;;;;;;;;;;;;;;;;;;
;;;;;;;;;;;;;;;;;;;;;;;;
;;;;;;;;;;;;;;;;;;;;;;;;
;;;;;;;;;;;;;;;;;;;;;;;;
;;;;;;;;;;;;;;;;;;;;;;;;
;;;;;;;;;;;;;;;;;;;;;;;;
;;;;;;;;;;;;;;;;;;;;;;;;
;;;;;;;;;;;;;;;;;;;;;;;;
;;;;;;;;;;;;;;;;;;;;;;;;
;;;;;;;;;;;;;;;;;;;;;;;;
;;;;;;;;;;;;;;;;;;;;;;;;
;;;;;;;;;;;;;;;;;;;;;;;;
;;;;;;;;;;;;;;;;;;;;;;;;
;;;;;;;;;;;;;;;;;;;;;;;;
;;;;;;;;;;;;;;;;;;;;;;;;
;;;;;;;;;;;;;;;;;;;;;;;;
;;;;;;;;;;;;;;;;;;;;;;;;
;;;;;;;;;;;;;;;;;;;;;;;;
;;;;;;;;;;;;;;;;;;;;;;;;
;;;;;;;;;;;;;;;;;;;;;;;;
;;;;;;;;;;;;;;;;;;;;;;;;
;;;;;;;;;;;;;;;;;;;;;;;;
;;;;;;;;;;;;;;;;;;;;;;;;
;;;;;;;;;;;;;;;;;;;;;;;;
;;;;;;;;;;;;;;;;;;;;;;;;
;;;;;;;;;;;;;;;;;;;;;;;;
;;;;;;;;;;;;;;;;;;;;;;;;
;;;;;;;;;;;;;;;;;;;;;;;;
;;;;;;;;;;;;;;;;;;;;;;;;
;;;;;;;;;;;;;;;;;;;;;;;;
;;;;;;;;;;;;;;;;;;;;;;;;
;;;;;;;;;;;;;;;;;;;;;;;;
;;;;;;;;;;;;;;;;;;;;;;;;
;;;;;;;;;;;;;;;;;;;;;;;;
;;;;;;;;;;;;;;;;;;;;;;;;
;;;;;;;;;;;;;;;;;;;;;;;;
;;;;;;;;;;;;;;;;;;;;;;;;
;;;;;;;;;;;;;;;;;;;;;;;;
;;;;;;;;;;;;;;;;;;;;;;;;
;;;;;;;;;;;;;;;;;;;;;;;;
;;;;;;;;;;;;;;;;;;;;;;;;
;;;;;;;;;;;;;;;;;;;;;;;;
;;;;;;;;;;;;;;;;;;;;;;;;
;;;;;;;;;;;;;;;;;;;;;;;;
;;;;;;;;;;;;;;;;;;;;;;;;
;;;;;;;;;;;;;;;;;;;;;;;;
;;;;;;;;;;;;;;;;;;;;;;;;
;;;;;;;;;;;;;;;;;;;;;;;;
;;;;;;;;;;;;;;;;;;;;;;;;
;;;;;;;;;;;;;;;;;;;;;;;;
;;;;;;;;;;;;;;;;;;;;;;;;
;;;;;;;;;;;;;;;;;;;;;;;;
;;;;;;;;;;;;;;;;;;;;;;;;
;;;;;;;;;;;;;;;;;;;;;;;;
;;;;;;;;;;;;;;;;;;;;;;;;
;;;;;;;;;;;;;;;;;;;;;;;;
;;;;;;;;;;;;;;;;;;;;;;;;
;;;;;;;;;;;;;;;;;;;;;;;;
;;;;;;;;;;;;;;;;;;;;;;;;
;;;;;;;;;;;;;;;;;;;;;;;;
;;;;;;;;;;;;;;;;;;;;;;;;
;;;;;;;;;;;;;;;;;;;;;;;;
;;;;;;;;;;;;;;;;;;;;;;;;
;;;;;;;;;;;;;;;;;;;;;;;;
;;;;;;;;;;;;;;;;;;;;;;;;
;;;;;;;;;;;;;;;;;;;;;;;;
;;;;;;;;;;;;;;;;;;;;;;;;
;;;;;;;;;;;;;;;;;;;;;;;;
;;;;;;;;;;;;;;;;;;;;;;;;
;;;;;;;;;;;;;;;;;;;;;;;;
;;;;;;;;;;;;;;;;;;;;;;;;
;;;;;;;;;;;;;;;;;;;;;;;;
;;;;;;;;;;;;;;;;;;;;;;;;
;;;;;;;;;;;;;;;;;;;;;;;;
;;;;;;;;;;;;;;;;;;;;;;;;
;;;;;;;;;;;;;;;;;;;;;;;;
;;;;;;;;;;;;;;;;;;;;;;;;
;;;;;;;;;;;;;;;;;;;;;;;;
;;;;;;;;;;;;;;;;;;;;;;;;
;;;;;;;;;;;;;;;;;;;;;;;;
;;;;;;;;;;;;;;;;;;;;;;;;
;;;;;;;;;;;;;;;;;;;;;;;;
;;;;;;;;;;;;;;;;;;;;;;;;
;;;;;;;;;;;;;;;;;;;;;;;;
;;;;;;;;;;;;;;;;;;;;;;;;
;;;;;;;;;;;;;;;;;;;;;;;;
;;;;;;;;;;;;;;;;;;;;;;;;
;;;;;;;;;;;;;;;;;;;;;;;;
;;;;;;;;;;;;;;;;;;;;;;;;
;;;;;;;;;;;;;;;;;;;;;;;;
;;;;;;;;;;;;;;;;;;;;;;;;
;;;;;;;;;;;;;;;;;;;;;;;;
;;;;;;;;;;;;;;;;;;;;;;;;
;;;;;;;;;;;;;;;;;;;;;;;;
;;;;;;;;;;;;;;;;;;;;;;;;
;;;;;;;;;;;;;;;;;;;;;;;;
;;;;;;;;;;;;;;;;;;;;;;;;
;;;;;;;;;;;;;;;;;;;;;;;;
;;;;;;;;;;;;;;;;;;;;;;;;
;;;;;;;;;;;;;;;;;;;;;;;;
;;;;;;;;;;;;;;;;;;;;;;;;
;;;;;;;;;;;;;;;;;;;;;;;;
;;;;;;;;;;;;;;;;;;;;;;;;
;;;;;;;;;;;;;;;;;;;;;;;;
;;;;;;;;;;;;;;;;;;;;;;;;
;;;;;;;;;;;;;;;;;;;;;;;;
;;;;;;;;;;;;;;;;;;;;;;;;
;;;;;;;;;;;;;;;;;;;;;;;;
;;;;;;;;;;;;;;;;;;;;;;;;
;;;;;;;;;;;;;;;;;;;;;;;;
;;;;;;;;;;;;;;;;;;;;;;;;
;;;;;;;;;;;;;;;;;;;;;;;;
;;;;;;;;;;;;;;;;;;;;;;;;
;;;;;;;;;;;;;;;;;;;;;;;;
;;;;;;;;;;;;;;;;;;;;;;;;
;;;;;;;;;;;;;;;;;;;;;;;;
;;;;;;;;;;;;;;;;;;;;;;;;
;;;;;;;;;;;;;;;;;;;;;;;;
;;;;;;;;;;;;;;;;;;;;;;;;
;;;;;;;;;;;;;;;;;;;;;;;;
;;;;;;;;;;;;;;;;;;;;;;;;
;;;;;;;;;;;;;;;;;;;;;;;;
;;;;;;;;;;;;;;;;;;;;;;;;
;;;;;;;;;;;;;;;;;;;;;;;;
;;;;;;;;;;;;;;;;;;;;;;;;
;;;;;;;;;;;;;;;;;;;;;;;;
;;;;;;;;;;;;;;;;;;;;;;;;
;;;;;;;;;;;;;;;;;;;;;;;;
;;;;;;;;;;;;;;;;;;;;;;;;
;;;;;;;;;;;;;;;;;;;;;;;;
;;;;;;;;;;;;;;;;;;;;;;;;
;;;;;;;;;;;;;;;;;;;;;;;;
;;;;;;;;;;;;;;;;;;;;;;;;
;;;;;;;;;;;;;;;;;;;;;;;;
;;;;;;;;;;;;;;;;;;;;;;;;
;;;;;;;;;;;;;;;;;;;;;;;;
;;;;;;;;;;;;;;;;;;;;;;;;
;;;;;;;;;;;;;;;;;;;;;;;;
;;;;;;;;;;;;;;;;;;;;;;;;
;;;;;;;;;;;;;;;;;;;;;;;;
;;;;;;;;;;;;;;;;;;;;;;;;
;;;;;;;;;;;;;;;;;;;;;;;;
;;;;;;;;;;;;;;;;;;;;;;;;
;;;;;;;;;;;;;;;;;;;;;;;;
;;;;;;;;;;;;;;;;;;;;;;;;
;;;;;;;;;;;;;;;;;;;;;;;;
;;;;;;;;;;;;;;;;;;;;;;;;
;;;;;;;;;;;;;;;;;;;;;;;;
;;;;;;;;;;;;;;;;;;;;;;;;
;;;;;;;;;;;;;;;;;;;;;;;;
;;;;;;;;;;;;;;;;;;;;;;;;
;;;;;;;;;;;;;;;;;;;;;;;;
;;;;;;;;;;;;;;;;;;;;;;;;
;;;;;;;;;;;;;;;;;;;;;;;;
;;;;;;;;;;;;;;;;;;;;;;;;
;;;;;;;;;;;;;;;;;;;;;;;;
;;;;;;;;;;;;;;;;;;;;;;;;
;;;;;;;;;;;;;;;;;;;;;;;;
;;;;;;;;;;;;;;;;;;;;;;;;
;;;;;;;;;;;;;;;;;;;;;;;;
;;;;;;;;;;;;;;;;;;;;;;;;
;;;;;;;;;;;;;;;;;;;;;;;;
;;;;;;;;;;;;;;;;;;;;;;;;
;;;;;;;;;;;;;;;;;;;;;;;;
;;;;;;;;;;;;;;;;;;;;;;;;
;;;;;;;;;;;;;;;;;;;;;;;;
;;;;;;;;;;;;;;;;;;;;;;;;
;;;;;;;;;;;;;;;;;;;;;;;;
;;;;;;;;;;;;;;;;;;;;;;;;
;;;;;;;;;;;;;;;;;;;;;;;;
;;;;;;;;;;;;;;;;;;;;;;;;
;;;;;;;;;;;;;;;;;;;;;;;;
;;;;;;;;;;;;;;;;;;;;;;;;
;;;;;;;;;;;;;;;;;;;;;;;;
;;;;;;;;;;;;;;;;;;;;;;;;
;;;;;;;;;;;;;;;;;;;;;;;;
;;;;;;;;;;;;;;;;;;;;;;;;
;;;;;;;;;;;;;;;;;;;;;;;;
;;;;;;;;;;;;;;;;;;;;;;;;
;;;;;;;;;;;;;;;;;;;;;;;;
;;;;;;;;;;;;;;;;;;;;;;;;
;;;;;;;;;;;;;;;;;;;;;;;;
;;;;;;;;;;;;;;;;;;;;;;;;
;;;;;;;;;;;;;;;;;;;;;;;;
;;;;;;;;;;;;;;;;;;;;;;;;
;;;;;;;;;;;;;;;;;;;;;;;;
;;;;;;;;;;;;;;;;;;;;;;;;
;;;;;;;;;;;;;;;;;;;;;;;;
;;;;;;;;;;;;;;;;;;;;;;;;
;;;;;;;;;;;;;;;;;;;;;;;;
;;;;;;;;;;;;;;;;;;;;;;;;
;;;;;;;;;;;;;;;;;;;;;;;;
;;;;;;;;;;;;;;;;;;;;;;;;
;;;;;;;;;;;;;;;;;;;;;;;;
;;;;;;;;;;;;;;;;;;;;;;;;
;;;;;;;;;;;;;;;;;;;;;;;;
;;;;;;;;;;;;;;;;;;;;;;;;
;;;;;;;;;;;;;;;;;;;;;;;;
;;;;;;;;;;;;;;;;;;;;;;;;
;;;;;;;;;;;;;;;;;;;;;;;;
;;;;;;;;;;;;;;;;;;;;;;;;
;;;;;;;;;;;;;;;;;;;;;;;;
;;;;;;;;;;;;;;;;;;;;;;;;
;;;;;;;;;;;;;;;;;;;;;;;;
;;;;;;;;;;;;;;;;;;;;;;;;
;;;;;;;;;;;;;;;;;;;;;;;;
;;;;;;;;;;;;;;;;;;;;;;;;
;;;;;;;;;;;;;;;;;;;;;;;;
;;;;;;;;;;;;;;;;;;;;;;;;
;;;;;;;;;;;;;;;;;;;;;;;;
;;;;;;;;;;;;;;;;;;;;;;;;
;;;;;;;;;;;;;;;;;;;;;;;;
;;;;;;;;;;;;;;;;;;;;;;;;
;;;;;;;;;;;;;;;;;;;;;;;;
;;;;;;;;;;;;;;;;;;;;;;;;
;;;;;;;;;;;;;;;;;;;;;;;;
;;;;;;;;;;;;;;;;;;;;;;;;
;;;;;;;;;;;;;;;;;;;;;;;;
;;;;;;;;;;;;;;;;;;;;;;;;
;;;;;;;;;;;;;;;;;;;;;;;;
;;;;;;;;;;;;;;;;;;;;;;;;
;;;;;;;;;;;;;;;;;;;;;;;;
;;;;;;;;;;;;;;;;;;;;;;;;
;;;;;;;;;;;;;;;;;;;;;;;;
;;;;;;;;;;;;;;;;;;;;;;;;
;;;;;;;;;;;;;;;;;;;;;;;;
;;;;;;;;;;;;;;;;;;;;;;;;
;;;;;;;;;;;;;;;;;;;;;;;;
;;;;;;;;;;;;;;;;;;;;;;;;
;;;;;;;;;;;;;;;;;;;;;;;;
;;;;;;;;;;;;;;;;;;;;;;;;
;;;;;;;;;;;;;;;;;;;;;;;;
;;;;;;;;;;;;;;;;;;;;;;;;
;;;;;;;;;;;;;;;;;;;;;;;;
;;;;;;;;;;;;;;;;;;;;;;;;
;;;;;;;;;;;;;;;;;;;;;;;;
;;;;;;;;;;;;;;;;;;;;;;;;
;;;;;;;;;;;;;;;;;;;;;;;;
;;;;;;;;;;;;;;;;;;;;;;;;
;;;;;;;;;;;;;;;;;;;;;;;;
;;;;;;;;;;;;;;;;;;;;;;;;
;;;;;;;;;;;;;;;;;;;;;;;;
;;;;;;;;;;;;;;;;;;;;;;;;
;;;;;;;;;;;;;;;;;;;;;;;;
;;;;;;;;;;;;;;;;;;;;;;;;
;;;;;;;;;;;;;;;;;;;;;;;;
;;;;;;;;;;;;;;;;;;;;;;;;
;;;;;;;;;;;;;;;;;;;;;;;;
;;;;;;;;;;;;;;;;;;;;;;;;
;;;;;;;;;;;;;;;;;;;;;;;;
;;;;;;;;;;;;;;;;;;;;;;;;
;;;;;;;;;;;;;;;;;;;;;;;;
;;;;;;;;;;;;;;;;;;;;;;;;
;;;;;;;;;;;;;;;;;;;;;;;;
;;;;;;;;;;;;;;;;;;;;;;;;
;;;;;;;;;;;;;;;;;;;;;;;;
;;;;;;;;;;;;;;;;;;;;;;;;
;;;;;;;;;;;;;;;;;;;;;;;;
;;;;;;;;;;;;;;;;;;;;;;;;
;;;;;;;;;;;;;;;;;;;;;;;;
;;;;;;;;;;;;;;;;;;;;;;;;
;;;;;;;;;;;;;;;;;;;;;;;;
;;;;;;;;;;;;;;;;;;;;;;;;
;;;;;;;;;;;;;;;;;;;;;;;;
;;;;;;;;;;;;;;;;;;;;;;;;
;;;;;;;;;;;;;;;;;;;;;;;;
;;;;;;;;;;;;;;;;;;;;;;;;
;;;;;;;;;;;;;;;;;;;;;;;;
;;;;;;;;;;;;;;;;;;;;;;;;
;;;;;;;;;;;;;;;;;;;;;;;;
;;;;;;;;;;;;;;;;;;;;;;;;
;;;;;;;;;;;;;;;;;;;;;;;;
;;;;;;;;;;;;;;;;;;;;;;;;
;;;;;;;;;;;;;;;;;;;;;;;;
;;;;;;;;;;;;;;;;;;;;;;;;
;;;;;;;;;;;;;;;;;;;;;;;;
;;;;;;;;;;;;;;;;;;;;;;;;
;;;;;;;;;;;;;;;;;;;;;;;;
;;;;;;;;;;;;;;;;;;;;;;;;
;;;;;;;;;;;;;;;;;;;;;;;;
;;;;;;;;;;;;;;;;;;;;;;;;
;;;;;;;;;;;;;;;;;;;;;;;;
;;;;;;;;;;;;;;;;;;;;;;;;
;;;;;;;;;;;;;;;;;;;;;;;;
;;;;;;;;;;;;;;;;;;;;;;;;
;;;;;;;;;;;;;;;;;;;;;;;;
;;;;;;;;;;;;;;;;;;;;;;;;
;;;;;;;;;;;;;;;;;;;;;;;;
;;;;;;;;;;;;;;;;;;;;;;;;
;;;;;;;;;;;;;;;;;;;;;;;;
;;;;;;;;;;;;;;;;;;;;;;;;
;;;;;;;;;;;;;;;;;;;;;;;;
;;;;;;;;;;;;;;;;;;;;;;;;
;;;;;;;;;;;;;;;;;;;;;;;;
;;;;;;;;;;;;;;;;;;;;;;;;
;;;;;;;;;;;;;;;;;;;;;;;;
;;;;;;;;;;;;;;;;;;;;;;;;
;;;;;;;;;;;;;;;;;;;;;;;;
;;;;;;;;;;;;;;;;;;;;;;;;
;;;;;;;;;;;;;;;;;;;;;;;;
;;;;;;;;;;;;;;;;;;;;;;;;
;;;;;;;;;;;;;;;;;;;;;;;;
;;;;;;;;;;;;;;;;;;;;;;;;
;;;;;;;;;;;;;;;;;;;;;;;;
;;;;;;;;;;;;;;;;;;;;;;;;
;;;;;;;;;;;;;;;;;;;;;;;;
;;;;;;;;;;;;;;;;;;;;;;;;
;;;;;;;;;;;;;;;;;;;;;;;;
;;;;;;;;;;;;;;;;;;;;;;;;
;;;;;;;;;;;;;;;;;;;;;;;;
;;;;;;;;;;;;;;;;;;;;;;;;
;;;;;;;;;;;;;;;;;;;;;;;;
;;;;;;;;;;;;;;;;;;;;;;;;
;;;;;;;;;;;;;;;;;;;;;;;;
;;;;;;;;;;;;;;;;;;;;;;;;
;;;;;;;;;;;;;;;;;;;;;;;;
;;;;;;;;;;;;;;;;;;;;;;;;
;;;;;;;;;;;;;;;;;;;;;;;;
;;;;;;;;;;;;;;;;;;;;;;;;
;;;;;;;;;;;;;;;;;;;;;;;;
;;;;;;;;;;;;;;;;;;;;;;;;
;;;;;;;;;;;;;;;;;;;;;;;;
;;;;;;;;;;;;;;;;;;;;;;;;
;;;;;;;;;;;;;;;;;;;;;;;;
;;;;;;;;;;;;;;;;;;;;;;;;
;;;;;;;;;;;;;;;;;;;;;;;;
;;;;;;;;;;;;;;;;;;;;;;;;
;;;;;;;;;;;;;;;;;;;;;;;;
;;;;;;;;;;;;;;;;;;;;;;;;
;;;;;;;;;;;;;;;;;;;;;;;;
;;;;;;;;;;;;;;;;;;;;;;;;
;;;;;;;;;;;;;;;;;;;;;;;;
;;;;;;;;;;;;;;;;;;;;;;;;
;;;;;;;;;;;;;;;;;;;;;;;;
;;;;;;;;;;;;;;;;;;;;;;;;
;;;;;;;;;;;;;;;;;;;;;;;;
;;;;;;;;;;;;;;;;;;;;;;;;
;;;;;;;;;;;;;;;;;;;;;;;;
;;;;;;;;;;;;;;;;;;;;;;;;
;;;;;;;;;;;;;;;;;;;;;;;;
;;;;;;;;;;;;;;;;;;;;;;;;
;;;;;;;;;;;;;;;;;;;;;;;;
;;;;;;;;;;;;;;;;;;;;;;;;
;;;;;;;;;;;;;;;;;;;;;;;;
;;;;;;;;;;;;;;;;;;;;;;;;
;;;;;;;;;;;;;;;;;;;;;;;;
;;;;;;;;;;;;;;;;;;;;;;;;
;;;;;;;;;;;;;;;;;;;;;;;;
;;;;;;;;;;;;;;;;;;;;;;;;
;;;;;;;;;;;;;;;;;;;;;;;;
;;;;;;;;;;;;;;;;;;;;;;;;
;;;;;;;;;;;;;;;;;;;;;;;;
;;;;;;;;;;;;;;;;;;;;;;;;
;;;;;;;;;;;;;;;;;;;;;;;;
;;;;;;;;;;;;;;;;;;;;;;;;
;;;;;;;;;;;;;;;;;;;;;;;;
;;;;;;;;;;;;;;;;;;;;;;;;
;;;;;;;;;;;;;;;;;;;;;;;;
;;;;;;;;;;;;;;;;;;;;;;;;
;;;;;;;;;;;;;;;;;;;;;;;;
;;;;;;;;;;;;;;;;;;;;;;;;
;;;;;;;;;;;;;;;;;;;;;;;;
;;;;;;;;;;;;;;;;;;;;;;;;
;;;;;;;;;;;;;;;;;;;;;;;;
;;;;;;;;;;;;;;;;;;;;;;;;
;;;;;;;;;;;;;;;;;;;;;;;;
